customer_id,name,email,address,signup_date
2975,Jordan Jackson,robertgates@example.org,"Unit 4331 Box 0522
DPO AA 94940",2022-07-08
7681,Mr. John Cooper,chelseajones@example.org,"488 Jonathan Stravenue
South Cheryl, PA 15104",2023-05-05
2453,Vicki Best,stacy01@example.com,"101 Huffman Squares
South Dustin, TN 46652",2022-09-13
1848,Catherine Roberts,jose20@example.org,"2572 Katherine Manor
Paigeshire, NV 54827",2020-06-19
8064,Mark Henry,cobbphillip@example.net,"608 Stephanie Valleys
Port Samuelmouth, ND 66190",2024-02-13
6580,Beth Burnett,charlesalvarado@example.com,"46113 Jasmine Pass Apt. 167
Port Rebekahton, MP 33602",2020-06-24
3698,Emily Anderson,fkramer@example.com,"USNV Watson
FPO AE 81925",2023-08-28
4276,Daniel Sanders,lchen@example.org,"87808 Juarez Trail
Whitechester, MP 63024",2024-01-05
8587,Joseph Long,katelyncastillo@example.net,"405 Black Lodge
Lake Kaylashire, CA 69190",2024-05-22
6101,Nathan Rodgers,brian30@example.org,"747 Wallace Villages
Alexandershire, AL 28627",2020-05-15
6991,Jared Morgan,wsmith@example.com,"9121 Jason Station Suite 211
Victoriamouth, AR 42470",2021-11-21
8066,Kevin Gonzales,stephanie48@example.com,"12894 Nguyen Greens Suite 300
Clarkberg, DE 82498",2023-09-25
3623,Jason Lee,jennifer31@example.org,"47051 Vance Land
South Elizabethfort, DC 07209",2022-01-29
9203,Gary Armstrong,edavis@example.net,"9034 Long Freeway Apt. 945
New Spencerland, FL 76631",2020-04-17
4500,Tammy Bates,nrice@example.net,"206 Andrea Hill Suite 658
Port Leah, DC 67504",2022-05-08
8089,Mrs. April West,josephjensen@example.org,"6340 Amy Roads Suite 199
Austinborough, WI 06363",2020-02-29
1281,Douglas Shaw,brownsusan@example.org,"05427 Smith Rue Suite 676
Port Dawn, AS 56380",2024-02-11
5003,Christina Cooper,anna54@example.net,"73323 Parks Lakes
North Kelly, IL 07769",2020-06-24
9887,Alicia Reynolds,watsonmaria@example.net,"27565 Edward Springs
New Susan, AL 17044",2022-06-10
7947,Daniel Parks,laurenblair@example.net,"68746 Ellis Causeway
Hawkinsmouth, KS 87885",2023-05-10
8260,Stephanie Bradford,wrightronald@example.net,"70727 Anderson Glen Suite 138
Alexanderside, CT 38795",2023-04-22
9784,Mary Kennedy,russothomas@example.org,"61386 Robles Station Apt. 464
Dianatown, AZ 39435",2021-04-06
8210,Kathleen Perkins,lewismax@example.com,"5156 Monique Ridges Suite 471
Port Jaredchester, DC 38518",2020-07-02
9533,Kurt Carpenter,kathleenhayes@example.com,"9916 Zachary Extensions
Anthonyborough, AZ 24850",2022-02-03
5895,Michael Hawkins,jesse19@example.org,"775 Mario Unions Suite 043
Port Williambury, ME 74449",2023-01-05
3572,Amanda Lawson,michael86@example.com,"5690 Thompson Mission
North Michellemouth, MO 78668",2021-11-19
2741,Thomas Sanford,nrivera@example.net,"48597 Gregory River Suite 365
North Jeremy, WY 60149",2020-09-23
5658,Kimberly Short,melendezlouis@example.com,"07051 Hale Course
Washingtonside, AL 19941",2023-06-03
7396,Christopher Schneider,leahfields@example.net,"Unit 2644 Box 3088
DPO AE 68050",2020-09-11
9318,Jamie Nelson,swood@example.org,"6282 Kyle Lock
Port Josestad, FL 59665",2020-05-25
1543,Jessica Peters,clarkcheryl@example.net,"USS Byrd
FPO AA 05005",2020-05-22
7760,Zachary Lucas,georgeenglish@example.net,"84586 Hernandez Club
Harpermouth, RI 56205",2020-11-10
2972,Ryan Pruitt,martinezkelly@example.net,"793 Marc Alley
Port Terriborough, KY 54159",2024-05-20
3102,Kimberly Lee,paulariley@example.com,"00287 Parks Path Apt. 260
East Nicholas, KY 94036",2021-10-19
9155,Brenda Miller,laura34@example.net,"9171 Diana Lodge
West Michelle, KY 14795",2021-06-25
1892,James Russell,valdezbrian@example.net,"40976 Padilla Course
Rodriguezchester, LA 84266",2022-04-11
1024,Clayton Richards,kwilliams@example.org,"647 Luis Common Suite 777
West Lindsay, KY 63288",2022-11-13
4040,Ryan Riley,escobarhenry@example.org,"72091 Bonnie Mill Suite 431
Carriebury, VA 93491",2021-08-21
1712,Amy Evans,sanchezmargaret@example.net,"060 Frederick Springs
Lake Whitney, OK 81688",2022-05-16
4719,Mr. Curtis Rodriguez,bruce38@example.net,"800 Roberts Stream Suite 408
Christinabury, AS 79348",2022-06-21
9770,Michele Allen,gburns@example.net,"3360 Harris Points Apt. 832
Gonzalezborough, PR 84991",2020-11-24
9844,Pamela Roman,cynthia96@example.net,"7775 Kimberly Inlet
Mcdonaldport, VI 06525",2021-04-17
3809,Jon Fritz,rebecca64@example.net,"28895 Lin Manors Suite 004
Baldwinview, DC 19815",2022-10-13
2590,Stephanie Williams,rogerscharles@example.org,"61663 Richardson Highway
West Sarahshire, OK 29416",2023-01-23
5547,Luis Kirk,susanholloway@example.com,"38651 Crystal Cliff
Barrettburgh, PA 18868",2020-09-23
6167,Joanna Barrera,april27@example.net,"5189 Williams View Suite 553
New Hailey, OR 73417",2020-10-20
2696,Linda Parks MD,wmoore@example.net,"5631 Alvarado Shoals
Adrianbury, FL 84406",2020-01-27
3240,Danielle Klein,rothanne@example.com,"333 Stevens Hills
Thompsonbury, AK 81172",2021-03-02
9705,Katie Cox,dmoody@example.com,"92029 Smith Spurs
South Jasminmouth, SD 69373",2024-03-29
3366,Bryan Tyler,chadmoran@example.net,"1223 Mary Walks Suite 448
Hayleyside, VT 57198",2024-05-17
3852,Jason Rivera,mbauer@example.org,"07250 Woods Points Apt. 447
Paulaview, AZ 93879",2024-03-17
7795,Natalie Henson,robert92@example.net,"4440 Leonard Ford Suite 328
Lake Alex, WY 56239",2023-08-20
8858,Brian Stewart,kelly05@example.com,"2485 Shelly Ranch
East Michael, MH 51842",2020-06-02
2764,Walter Foster,gonzalezteresa@example.com,"Unit 8254 Box 7143
DPO AA 61821",2023-07-07
2386,Linda Cook,sgarcia@example.org,"18465 Esparza Extensions
Flynnfort, SD 08312",2020-03-06
2860,Stephanie Long,davistimothy@example.net,"5008 Phillips Spurs
South Elizabethmouth, NC 06451",2020-05-07
1260,Mrs. Nicole Smith,candacepowell@example.net,"9294 Snow Viaduct
Kellyport, CT 35437",2024-02-09
1376,Mrs. Paula Frazier,kimberly35@example.com,"88412 Eric Views Apt. 741
Wolfetown, FL 31058",2021-09-02
2811,Olivia Lindsey,lesliefernandez@example.com,"474 Virginia Pines
Valdezville, GU 60421",2023-03-10
3574,Susan Wood,hsmith@example.net,"Unit 3967 Box 8112
DPO AE 89414",2024-02-29
5961,Patrick Stein,carlawalker@example.com,"8009 Mcfarland Bridge
Hughesport, TN 80871",2022-12-13
6089,Lisa Smith,trevor90@example.org,"50492 Foster Ferry
Port Julieland, IN 94078",2020-05-14
7314,Don Brock,david42@example.net,"31003 Daniel Vista Suite 822
Williamborough, NM 86328",2021-02-09
6841,Cheyenne Mcmahon,hsanchez@example.org,"485 Misty Courts Suite 387
Lake Dillon, MP 13825",2020-06-07
6171,Michael Valdez,yanderson@example.com,"218 Todd Road
Barbaraberg, NC 72907",2020-12-22
5854,Brent Williams,rhart@example.net,"44483 Holloway Path Apt. 465
Quinntown, IA 23575",2023-08-26
7619,Lisa Horn,lopezkayla@example.net,"5364 Susan Roads Apt. 786
New Brianland, TN 19953",2021-07-19
2544,Jacob Cline,leewilliam@example.org,"76293 Larry Fort Suite 703
Lake Nathan, ND 95567",2022-04-01
7523,Samuel Williams,zduffy@example.org,"Unit 9105 Box 3641
DPO AP 99216",2022-09-27
9521,Barbara Tucker,jgardner@example.net,"4570 Roberts Field Suite 761
Lake Willie, IL 02408",2024-02-22
1650,Claire Vazquez,hmason@example.net,"181 Tanya Village
Lake Mary, DE 67109",2021-02-13
6700,Kevin Bailey,robertsmartin@example.org,"USCGC Ward
FPO AA 79291",2020-10-19
4923,Hannah Huang,ekrause@example.com,"31437 Vincent Corner Apt. 248
Marshallport, AZ 97405",2021-05-22
3642,Tara Williams,sgamble@example.com,"742 Hendricks Garden Apt. 936
East Cynthiachester, TX 67499",2021-07-25
5645,Jeffrey Turner,swood@example.net,"USCGC Macias
FPO AA 62526",2021-04-12
1479,Brittney Riddle DDS,johnsonjeremy@example.org,"72474 Jack Forest Apt. 454
Morrisberg, OH 06014",2024-05-29
5262,Yvonne Walls,mendozatina@example.com,"192 Dudley Fork Apt. 184
East Kristy, VT 40062",2020-05-10
3577,April Brewer DVM,juan17@example.org,"39565 Brandon Spurs Apt. 934
Hunterburgh, IL 36990",2022-08-10
1764,Michele Jimenez,adamsjasmine@example.com,"66366 Drew Track
North Joshua, HI 89556",2021-12-30
9910,Kayla Beltran,merickson@example.com,"0637 Campbell Ports
Debbieberg, OR 01184",2022-10-09
2061,Jessica Watson,daniel19@example.com,"3922 Veronica Vista
Walkershire, AR 49553",2022-08-17
2241,Paul Walker,richardharvey@example.net,"7244 Margaret Groves Suite 485
West Theresachester, CO 39223",2022-11-30
8967,Diane Lewis,abigailhoover@example.org,"1212 Christopher Heights
Bennettland, MA 48196",2020-12-06
9612,Allison Jones,aprildixon@example.com,"2822 Jonathan Mount
Shawburgh, DC 98586",2023-12-15
8073,Jay Acosta,michael30@example.org,"23805 Stephanie Street
Port Theodoretown, IN 64095",2022-06-28
6481,Molly Kelly,wyattandrew@example.com,"7154 Ann Lights Apt. 428
Riverafurt, CT 24608",2023-12-24
7836,Taylor Robinson,morenojulie@example.org,"1867 Ware Fort Apt. 376
Lake Jessica, OR 79114",2023-07-25
5730,Tasha Powell,sarah82@example.net,"00550 Johnson Terrace Suite 723
Jonesview, NV 20454",2021-07-30
2600,Cameron Padilla,rebecca24@example.com,"12551 Trevor Skyway Apt. 932
West Natasha, WI 94274",2022-06-24
8880,Mr. Kyle Williams DDS,hallglenn@example.net,"80594 David Stravenue Suite 796
Jasonmouth, AZ 69828",2024-05-12
6579,Deanna Parker,bethanyhanson@example.com,"052 Carter Station Suite 186
Williamsonside, SD 31410",2022-07-22
7171,Ralph Wong,alexandrarodriguez@example.net,"34042 Carter Pass
Christinachester, PR 01673",2024-04-21
7125,Patrick Johnson,estradadylan@example.net,"75837 Matthew Knolls
West Nathan, MO 07201",2023-06-23
4399,Mr. Jeffery Duarte,kennethfoley@example.net,"747 Lisa Curve Apt. 876
Port Lindaville, AR 57394",2020-02-04
7375,Mr. Timothy Douglas,shaun57@example.com,"8791 Colleen Stream Suite 410
Hallville, NJ 29394",2020-11-27
3205,Katherine Strickland,heathermcgee@example.net,"961 Henderson Green
Carlosview, SC 54476",2021-02-10
6111,Wesley Snyder,mitchellcaleb@example.org,"263 Rodriguez Crossing
West Sydney, UT 36318",2024-01-25
8068,Gabriel Morales,aroberts@example.com,"30167 Barnett Villages Suite 023
Tracyton, IN 44837",2023-11-05
7096,James Gates,amanda21@example.net,"135 Michelle Overpass
East Courtney, RI 42783",2022-05-14
1265,George Hernandez,joshuagarcia@example.net,"Unit 3194 Box 0905
DPO AA 20835",2021-02-10
3476,Ashley Harmon,coletiffany@example.com,"7946 Chelsea Crossing Suite 821
Jamiemouth, DC 82354",2021-04-16
2781,Tiffany Martin,hollandlinda@example.net,"108 Martin Squares
Brownchester, NM 67313",2021-08-19
5293,Maria Ray,dustinsherman@example.org,"833 Jacqueline Point Suite 109
Lake Shawnstad, CT 82956",2023-05-08
7423,Megan Soto,ramoshenry@example.net,"489 Lane Pike Apt. 164
Moonborough, MA 07876",2022-02-25
2284,Stephen Martin,hansonmandy@example.com,"USNS Gonzalez
FPO AP 01488",2021-10-21
5540,Kenneth Lee,kiaranorman@example.com,"847 Kimberly Lake
Morganbury, MO 83860",2020-09-03
3346,Holly Jackson,deanmonique@example.org,"3732 Smith Ramp Apt. 062
Port William, CT 85995",2020-10-26
1546,Robert Glenn,lisakennedy@example.net,"873 Yang Squares
Johnmouth, NJ 40329",2022-11-04
6575,Anna Nash,tannerisabella@example.org,"067 Oconnell Plains
Peggytown, WI 86458",2023-12-23
2606,Amanda Allen,christophervaughan@example.com,"0188 Becker Ferry
Lake Veronicafort, PR 49249",2020-12-15
1568,Timothy Anthony,ohart@example.org,"08208 Bryant Ranch
Lopezstad, WV 12717",2022-08-06
1888,Carl Werner,tatemichael@example.org,"346 Michael Parkways Suite 159
South Rebeccabury, IA 90968",2022-03-01
4452,Jennifer Peterson,epeterson@example.net,"0709 Darryl Estates
Amandafort, NJ 70033",2020-07-31
2978,Emily Pacheco,hamiltoncatherine@example.net,"6217 Brett Lights
Port Amber, MH 46787",2023-03-25
3167,Alice Manning,gabriel14@example.com,"272 Harris Parkways
South Randyview, DC 33959",2021-11-24
9003,David Scott,mcfarlandkevin@example.com,"04852 Michele Valleys
South Brittany, IL 40430",2023-03-26
8151,Miranda King,kari11@example.com,"207 Smith Manor Apt. 801
Matthewburgh, WV 39901",2022-11-05
4165,Hayley Mercado,williamsmiguel@example.net,"7413 Hartman Ford
East Micheleville, PW 98566",2020-01-24
8672,Michael Roberson,turnersuzanne@example.org,"238 Cuevas Wells Suite 831
Stevenmouth, MD 94852",2020-01-29
7761,Mariah Gonzales,dacevedo@example.net,"58743 Tiffany Haven Suite 666
New Sean, WI 23116",2023-07-30
2207,Jeffrey Waters,qpineda@example.org,"23437 Vincent Square Apt. 565
Victorstad, OK 99946",2021-01-04
9436,Michelle Davis,fisherbarbara@example.com,"8091 Lopez Crossing Suite 150
West Sandrastad, PA 56288",2022-06-25
9113,Julia Cross,dhughes@example.org,"3953 Delacruz Hill Apt. 193
Gutierrezmouth, AS 33024",2023-09-08
3746,Kelly Lewis,loweanita@example.net,"7444 James Junction
South John, CA 35116",2024-01-04
4966,Teresa Marks,kim51@example.net,"570 Flores Shore
Morganton, IA 52192",2021-12-22
2902,Maria Wright,joshua38@example.com,"USCGC Scott
FPO AA 51072",2021-05-27
9724,Matthew Sullivan,hodgesryan@example.com,"6430 Cox Skyway Apt. 927
South Pamfurt, MP 02337",2022-03-05
3157,Cody Thompson,stephensmith@example.net,"11355 Reid Grove Suite 482
West Justin, FL 06405",2021-01-23
1083,Sarah Davenport,crystaldavis@example.net,"283 Garcia Terrace Apt. 858
South Stephanie, FM 73094",2023-04-28
4727,Christina Jones,martinezjared@example.net,"88514 Christopher Station
West Kari, OK 56807",2022-04-20
2322,Allen Boyd,glove@example.org,"34701 Ellison Meadows
South Timothy, KS 92348",2021-02-06
8867,James Wolf,bryanttammy@example.net,"PSC 6224, Box 9662
APO AP 09219",2020-08-28
8012,Mrs. Alicia Alvarez,melissasilva@example.net,"121 Harrison Plain Apt. 944
Greenside, UT 28175",2020-11-15
5071,Nancy Young,robertsonwilliam@example.net,"49525 Paul Creek
New Janet, MI 02539",2022-10-26
9911,Matthew Gibson,perryjeffrey@example.org,"573 Keith Courts Suite 570
Maryburgh, NV 33608",2024-05-07
3618,Zachary Weaver,tarabarrera@example.org,"5051 James Forges Suite 515
West Thomas, MN 88675",2020-06-18
8023,Dr. Teresa Guerrero,amber43@example.com,"PSC 8340, Box 6250
APO AE 16344",2022-04-28
2048,Christopher Pearson,justincasey@example.org,"643 Candace Shoal
Johnsonburgh, TN 18226",2020-08-13
7810,Bruce Hansen,angelica16@example.com,"Unit 5875 Box 4371
DPO AP 47153",2022-02-06
7591,Heather Cervantes,joan01@example.net,"1471 Sosa Shoal
Lake Aaron, TN 95603",2023-03-02
4503,Olivia Cortez MD,deborah31@example.net,"7147 Frazier Station Suite 266
Huynhfurt, MH 53598",2023-04-07
6394,Sarah Cross,bellanthony@example.org,"9252 Rodriguez Radial
Thomasberg, AR 50629",2024-06-09
3280,Lori Guerra,brandystanton@example.net,"3736 James Roads Suite 116
Lake Jamesport, HI 66775",2020-04-22
6265,Sandra Shannon,berrylydia@example.net,"323 Bennett Mountain Apt. 187
Ashleyshire, SC 81945",2020-12-07
5820,Mitchell Williams,andre36@example.net,"277 Brian Fields
North Angelaville, MO 63202",2023-10-29
1560,Shelby Waller,phillipsdanielle@example.net,"2766 Moore Freeway
North Jasonshire, VI 92990",2021-12-26
9426,Daniel Mclaughlin,jacob90@example.com,"78519 Kelley Light
East Keith, PA 54792",2020-07-08
3499,Steven Robinson,mthomas@example.net,"0060 Albert Skyway Suite 361
Hannahton, AR 79748",2021-08-27
8891,Donna Hale,kim47@example.org,"9965 Brooks Gateway
Mcdanielmouth, MD 19453",2023-08-13
3727,Tiffany Harris,andersonjohn@example.org,"6791 Thompson Ramp Suite 462
Christinafurt, LA 28845",2024-06-11
1559,Joshua Mora,nielsenderek@example.com,"184 Moore Street Suite 957
Woodwardfurt, VA 71033",2022-03-14
1911,Troy Gonzalez,zcampbell@example.net,"88775 Sheppard Extensions Suite 804
Laurabury, GU 18021",2023-11-03
6341,Michelle Martin,patrickamy@example.net,"20594 Sanders Fields
New Linda, PA 47924",2021-10-23
1465,Ashley Walsh,steven98@example.net,"USS Mcdonald
FPO AE 86762",2021-10-14
1671,Devin Choi,crystalbarber@example.net,"86340 Key Roads Suite 357
Lake Billy, ME 31138",2021-03-11
7107,Monica Graham,hlee@example.net,"Unit 8546 Box 3303
DPO AP 44481",2023-06-03
6103,Angel Richard,tgonzalez@example.org,"31067 Terry View Suite 506
Mariamouth, MH 40596",2021-09-16
1263,Stanley Carroll,belljesus@example.net,"800 Rodriguez Fields Suite 316
Thomashaven, AR 44708",2022-09-18
1583,Joel Suarez,wcollier@example.com,"PSC 7276, Box 6617
APO AA 70938",2020-09-11
2076,Mark Gonzalez,karenbriggs@example.net,"723 Davis Inlet Suite 143
Reynoldsberg, PR 44734",2022-03-20
2608,Elizabeth York,griffinveronica@example.org,"Unit 0849 Box 4234
DPO AE 63003",2021-06-11
3984,Lisa Ortega,snydernichole@example.org,"307 Stephanie Roads
Greenburgh, HI 48704",2022-05-06
2905,Dennis Sanchez,erinhicks@example.org,"Unit 6423 Box 7107
DPO AA 36683",2023-10-08
2539,Lisa Butler,diamondholland@example.com,"3858 Jeremy Grove Apt. 717
West Deborahtown, NM 25310",2023-03-11
6606,Claire Higgins,juan02@example.com,"346 Ewing Rapids
Lake Cheryl, NE 71439",2021-06-11
5813,Tim Decker,timothyballard@example.com,"5650 Lopez Forges Apt. 405
North Sonya, GU 20686",2021-11-22
2284,Darren Williams,jacqueline63@example.com,"8008 Miguel Islands
Foxmouth, VT 36182",2024-01-01
7147,Lindsey Brewer,heather15@example.com,"49370 Shelton Run
Williamschester, SD 20300",2023-03-13
4731,Sara Baldwin,fryan@example.org,"USNV Glover
FPO AA 40641",2021-05-21
8231,Cynthia Lee,hughestyler@example.net,"668 Brown Village Suite 687
New Kenneth, CA 72812",2023-07-21
8544,Linda Wilcox,perkinsjeffery@example.com,"041 Edward Rest Apt. 145
West Ashley, KY 83395",2024-02-28
2832,Tracey Miller,courtney23@example.com,"565 Ballard Tunnel Suite 364
Marieland, AZ 91664",2020-09-12
3779,Beth Newton,ggriffin@example.com,"13441 Alejandro Lights
Hallhaven, WY 97624",2022-03-20
5726,Jennifer Hines,hayeselizabeth@example.org,"713 Jennifer Lights Apt. 190
North Nicholastown, MP 53847",2022-03-03
5488,Chelsea Christensen,bradley31@example.com,"80876 Jeffrey Harbors
Edwardsview, NE 76631",2020-10-25
9777,Dennis Murphy,cheyenne88@example.net,"84393 Perez Point Suite 996
Johnhaven, OR 53010",2022-07-09
6417,Brittany Mason,wcampbell@example.net,"849 Knapp Crest
South Angelabury, LA 21948",2024-01-09
2580,Karina Roach,kimberlyhubbard@example.net,"8246 Banks Underpass
Katherineshire, NH 28623",2020-05-07
7583,Kimberly Crawford,andrewbowman@example.net,"88842 Lee Parkway Apt. 895
Briannaburgh, MO 48049",2022-04-21
9198,Paul Clark,ribarra@example.org,"68227 Hoover Village
Fergusonhaven, MD 52640",2021-04-16
7569,David Taylor,acostavincent@example.org,"5675 David Loaf Suite 872
Tonychester, ME 70909",2022-11-23
2116,Darren Morgan,thomas49@example.com,"Unit 5343 Box 4924
DPO AE 27415",2021-10-08
2257,Kristin Thornton,thomas16@example.com,"11734 Benjamin Lodge Suite 245
North Shawn, MN 37112",2022-06-26
8140,Christina Lopez,hughesleah@example.org,"12816 Yates Harbor
Port Kimberlyfurt, PW 93267",2020-04-26
5953,Joseph Pitts,williamswilliam@example.org,"34103 Jones Shoals
North Michael, NE 62335",2022-09-18
2176,Joshua Woods,antonioharding@example.net,"52353 Pierce Crest Suite 509
Lake Katiefurt, OR 27677",2022-06-20
4280,Kevin Davis,jacksonandrew@example.net,"76066 James Crossing
Port Joseph, MN 84079",2024-04-21
6124,Donald May,whall@example.org,"97465 Watts Crescent Suite 239
Shannonview, NC 68642",2022-06-23
2631,Cindy Howard,christopher54@example.net,"705 Moore Summit Suite 392
South Richard, AK 80514",2022-03-08
4974,Jonathan Black,thomaswalker@example.com,"019 Teresa Ports
Perezbury, IL 03243",2022-03-30
9061,Christopher Solis,rhonda39@example.net,"735 Lester Plaza
Christopherchester, PR 25950",2023-07-20
1045,Joshua Smith,kking@example.org,"9419 Danielle Parkway
East Amanda, OH 01303",2023-09-09
7358,Brad Wilkinson,simonrhonda@example.org,"5088 Cruz Falls
Christopherfurt, NV 37385",2020-07-19
5865,Jordan Smith,alexandrawilliams@example.net,"63954 Jackson Neck
South Staceystad, KS 51960",2024-01-03
5080,Eric Miller,johnsontony@example.com,"6501 Blake Highway
South Adam, CA 37989",2020-06-18
2096,Jeffrey Simmons,deborahmoran@example.net,"5240 Miller Green Apt. 763
West Jerry, GA 05071",2022-07-14
2243,Barry Giles,terryrichard@example.com,"362 Mcclure Parkway Apt. 466
New Davidmouth, DE 24972",2021-01-21
7549,John Harrell,debbieoliver@example.org,"8435 Robert Springs Suite 876
Lake Teresatown, IN 68759",2020-05-18
1402,Allison Murray MD,kimberlycarlson@example.org,"915 Franco Squares Apt. 762
Kaylafurt, CT 66580",2022-01-08
7506,Anne Richardson,david00@example.com,"9752 Davis Motorway
Michaelfort, VI 86673",2020-08-11
4763,Chad Bullock DDS,campbellryan@example.com,"27785 Daniel Lane Suite 109
Derrickhaven, NJ 76252",2023-08-17
8700,Joseph Gonzalez,stephen07@example.net,"51085 David Curve Apt. 781
Lake Barbara, PA 57835",2021-10-06
6800,Jamie Moore,smithgregory@example.org,"05077 Monica Walk
Hernandezborough, OH 68558",2022-07-06
8946,Thomas Greene,sarahclayton@example.com,"30540 Elizabeth Throughway
Angelabury, TN 70612",2020-02-16
1630,Laura Collins,jessica99@example.org,"4467 Cross Point Suite 898
Montgomerychester, MH 12083",2021-12-12
9646,Kenneth Burns,williamsjoseph@example.net,"USNV Bradford
FPO AE 80650",2023-10-05
6184,Thomas Haley,pamela09@example.org,"19648 Arthur Oval
Michaeltown, MI 35728",2024-05-01
7641,Joseph Beasley,sarahbishop@example.net,"4967 Cooper Run
Yvonnefurt, MH 40267",2022-04-19
6068,Michael Daniels,newtoneric@example.com,"1166 Jamie Manors
North Amyberg, WA 44737",2021-11-12
9328,Shannon Peterson,jacobsonbrittany@example.net,"PSC 7938, Box 3132
APO AP 36369",2022-04-02
6119,Kyle Howell,zturner@example.org,"50810 Davis Cliff
Port Julie, WV 55815",2023-11-15
1526,Kayla Roy,leecody@example.com,"43653 Smith Port
Brownton, TN 43856",2023-08-25
7430,Stephanie Heath,danielle26@example.com,"7143 Schaefer Stream Apt. 518
Howardborough, CO 58080",2022-04-19
9211,Kelsey Moore,daniellestark@example.net,"207 Heath Club
New Paul, NH 47496",2020-05-16
3389,Shirley Caldwell,heatherburgess@example.org,"1900 Michelle Pass
Andremouth, OH 96641",2024-05-20
6323,Marilyn Yoder,gwendolyn27@example.org,"14953 Holly Spur Apt. 063
West Daniel, AR 61407",2024-06-09
5943,Dawn Powell,zbailey@example.com,"43879 Colleen Station
Harrisport, UT 09526",2021-11-16
8807,Tanya Moreno,vhines@example.org,"686 Melissa Centers
Lake Raymondshire, CO 67809",2024-04-04
4484,Alex Ramos,ernestgriffin@example.net,"9377 Morales Mountain Apt. 031
Lake Ashley, NM 45057",2022-02-25
1048,Anthony Webster,esalas@example.com,"681 Adams Lock Suite 028
Mccarthymouth, GU 49943",2022-12-01
3636,Michael Estrada,gillamanda@example.net,"502 Morgan Plaza
Mariaburgh, ID 54936",2020-02-29
9678,Bobby Williams,justinstevens@example.org,"811 Taylor Valley
Robertland, VT 08738",2022-08-21
8206,Bobby Carr,ismith@example.net,"4961 Jennifer Vista
North Natalie, OH 40091",2023-01-23
9873,Jennifer Dillon,jacobbarrett@example.com,"608 Lisa Summit
Tinahaven, FL 98464",2024-02-19
7636,Todd Lewis,daniel48@example.com,"USCGC Hamilton
FPO AE 10896",2022-08-01
6009,Richard Coleman,william29@example.com,"8268 Richard Stravenue Apt. 781
Thomasmouth, ID 13949",2023-05-03
9599,Sherri Knight,salasjennifer@example.net,"PSC 1020, Box 4679
APO AA 00610",2022-04-13
6147,William Esparza,amberspears@example.net,"301 Luke Haven
Ernestshire, VT 36291",2022-10-18
2768,Morgan Day,pspencer@example.com,"421 Todd Park
Triciaport, TX 58680",2022-10-03
2576,Michael Lopez,schmittjesse@example.org,"27416 Hunter Port
Kevinchester, PR 72230",2021-02-26
2661,Jennifer Young,powellcynthia@example.net,"28930 Jones Freeway Suite 836
Aguirretown, IA 52743",2022-03-31
3588,David Owens,avilacheryl@example.net,"64622 Rogers Neck Apt. 414
East Tammychester, IA 72747",2023-10-02
4435,Katherine White,kgraham@example.org,"76576 Nathan Loop Suite 850
Marvinhaven, NE 67881",2024-02-26
1376,Heather Ortiz,mreed@example.com,"846 Pamela Hill
Port Kimberlyville, VT 49748",2023-01-04
6669,Jennifer Torres,lisa74@example.com,"75921 Kemp Path
Shortport, ND 64485",2022-10-27
5126,Madison Jennings,grayangela@example.net,"08291 Charles Extension Suite 939
Chadmouth, TX 97838",2020-02-25
3663,Ryan Williams,wjones@example.org,"75749 Taylor Dam Apt. 669
Joshuaburgh, HI 31343",2023-01-24
4166,Steven Allison,vhuber@example.net,"947 Clark Ferry Suite 962
Hooverville, AR 29346",2022-04-10
9886,Courtney Vasquez,lroberts@example.org,"Unit 7918 Box 1545
DPO AP 59370",2020-12-26
6506,Kathryn Johnson,grahamlauren@example.org,"28502 Williamson Landing
Anthonybury, MI 99046",2023-11-16
8615,Carmen Hunter,carlos94@example.net,"679 Rodgers Mews
Lindaville, LA 07350",2020-02-05
4991,Kelly Adams,jennifer24@example.com,"445 Robinson Fall
Lake Toddville, NJ 97563",2020-05-15
6623,Ronald Skinner,jaredthompson@example.net,"1466 James Streets
Jessicaton, MN 77019",2023-05-04
4008,Kim Thomas,gbruce@example.org,"87059 Owens Burgs
South Janice, MI 60453",2022-10-06
8127,Ashlee Raymond,christine92@example.net,"68634 Martin Rest Suite 006
Adamschester, VI 16365",2021-11-01
5461,Tiffany Smith,bclark@example.net,"386 Amy Spurs Suite 248
Lake Dwayneburgh, WV 86763",2020-01-14
5972,Amber Murphy MD,aramos@example.net,"USNV Rodriguez
FPO AP 65366",2021-09-27
2058,Victoria Payne,julie98@example.com,"63409 Elizabeth Loaf
Lake Diana, MD 23109",2022-06-21
4058,Patrick Murphy,cdavis@example.net,"91870 Mary Spur Apt. 330
North Sarahmouth, WI 84717",2022-06-05
7044,Anne Navarro,joshuamiranda@example.net,"1417 Crawford Vista
Port Carol, MA 97243",2022-03-07
7142,James Wright,edwardskendra@example.org,"3988 Tucker Glen
South John, FM 89625",2023-02-05
6741,Michael Walker,andrea81@example.org,"85989 Mills Rapids Apt. 284
South Jennifer, PA 86048",2022-04-22
1737,Cody Harris,leelinda@example.net,"6449 Cindy Track Suite 221
Douglasberg, VA 47928",2023-10-18
4957,William Bridges,christiansims@example.net,"232 Patrick Avenue Suite 744
East Shannonberg, SC 40822",2023-10-24
3570,Anthony Brewer,sean81@example.com,"763 Kelly Meadow
North Derrick, GU 58901",2022-03-19
6893,Wendy Moore,daisy53@example.net,"Unit 5922 Box 5936
DPO AA 20027",2024-01-16
7144,Joseph Giles,amandaescobar@example.com,"2158 Anderson Knolls Apt. 237
Lake Coryberg, AZ 59504",2021-09-03
7013,Vicki Mason,mathewsamanda@example.net,"367 Sergio Common Apt. 659
West Debra, DE 98322",2022-01-17
8905,Alyssa Morrison,martinezkatherine@example.com,"532 Jones Street Suite 309
South Christineside, CO 16230",2020-09-03
5740,Robin Huffman,ashleymeyers@example.net,"2458 Reyes Ford
Johnburgh, GA 64695",2022-08-14
8735,Dana Bailey,rivasdavid@example.net,"9336 James Coves
West Carl, VT 60092",2023-05-25
4533,Ana Brown,lyang@example.net,"4122 Frank Pine Apt. 370
Allenberg, IL 37585",2022-02-19
5386,David Lopez,jennyevans@example.org,"398 Parsons Streets Apt. 359
West Josephchester, NJ 76109",2021-10-13
1503,Javier Young,kalvarez@example.net,"2845 Brittany Prairie
Port Angelica, MN 17703",2020-09-13
5926,Zachary King,stacysmith@example.com,"9783 Doyle Ports Apt. 839
Donnaport, MP 92250",2021-11-14
5151,Jason Simpson,david36@example.com,"062 Hernandez Orchard Suite 020
Wangland, DE 23674",2020-09-22
4268,Joanne Li,colemanshawn@example.org,"4820 Renee Shores
Heatherstad, CA 60632",2024-03-05
9730,Brittney Petersen,jennifer61@example.org,"837 Vargas Ways Suite 078
West Mary, UT 39388",2023-11-16
9454,Richard Vasquez,coltonjensen@example.com,"1957 Williams Walks Suite 367
Fritzport, CT 07723",2020-08-12
2808,Annette Mooney,blakebrenda@example.com,"413 Anthony Mill Suite 478
Lisaborough, TX 15668",2022-05-01
1737,Samuel Evans,ashley80@example.com,"8520 Rachel Mount Apt. 320
East April, ND 62294",2024-06-12
6307,Brandon Washington,iwilson@example.com,"61592 Weeks Loop
Lake Micheleport, TN 42451",2023-09-21
6068,Amanda White,sabrina14@example.net,"Unit 4077 Box 4503
DPO AP 13755",2020-08-30
2179,Daniel Butler,jessica57@example.com,"6045 Madeline Spurs
Port Travis, WY 20765",2020-05-16
2889,John Pugh,vickie08@example.net,"072 Thompson Center Suite 917
Jamesport, NJ 01320",2020-04-17
9313,Russell Lee,jefferyprince@example.net,"74827 Williams Point Apt. 052
Lake Jacqueline, MT 01265",2020-07-30
4399,Guy Perez,teresa51@example.com,"96015 Wilson Green Apt. 002
Blackwellton, CA 00983",2020-10-30
7184,Kenneth Martin,floressara@example.net,"676 Casey Harbor
South Emilyborough, SD 31781",2020-12-09
1548,Heather Montes,stephanie12@example.org,"143 Jill Corner Apt. 217
Cameronside, RI 23531",2022-09-04
4079,Lisa Mcintyre,jerry79@example.net,"3990 Harrington Street Suite 979
New Timothy, WI 29888",2020-04-12
4642,Daisy Daniels,catherinehoward@example.net,"5343 Kelly Mills
Dustinbury, IL 81805",2023-03-22
8871,George Williams,kharrell@example.com,"7009 Henderson Plains
South Alexanderland, ME 69498",2023-03-15
6823,Francisco Sanchez,noahbrown@example.com,"979 Weber Coves Apt. 718
Millerchester, PR 72723",2021-08-06
7069,Emily Perkins,lnorris@example.org,"72455 Patricia Common Apt. 486
Pearsonbury, WI 44193",2024-04-07
6636,David Duncan,cunninghamsean@example.net,"551 Joshua Port Suite 526
Sanfordville, VT 13926",2021-08-02
8160,Timothy Ellis,melissacoffey@example.org,"PSC 9534, Box 5150
APO AE 55490",2020-03-29
7800,Kelly Holloway,robertshaw@example.net,"2631 Clark Well Suite 635
Sarafort, TN 46662",2020-07-01
6411,Hannah Clements MD,kevin29@example.net,"4907 Laura Avenue
Port Michaelville, NV 20064",2020-11-22
9634,Dr. Benjamin Schneider,cmoore@example.net,"9622 Deborah Fords Apt. 866
Michaelburgh, ND 46530",2023-12-20
5319,Matthew Carr,cassandrafrye@example.com,"14010 John Keys
East Andrewton, AL 47229",2021-02-06
5762,Ashley Wallace,paula32@example.com,"178 Sweeney River
East Aprilport, PW 54089",2023-07-01
9738,Terry Rodriguez,leslienelson@example.net,"42887 Montoya Islands Suite 252
Orrmouth, WY 55637",2020-01-18
3464,Eric Murphy,choward@example.com,"6554 Brittany Stravenue
Jacobbury, RI 84114",2021-05-24
1095,Miss Rebecca White DVM,adamsjose@example.net,"69864 Sierra Junction
South Catherinebury, MN 45226",2023-12-12
3287,Sabrina Roberts,kevinjackson@example.com,"321 Mcpherson Mills Suite 009
Justinborough, FL 64804",2020-12-08
6456,James Hawkins,bowmancourtney@example.net,"903 Daryl Islands Apt. 006
Arnoldborough, CT 96959",2020-11-19
8932,Samantha Tran,watsonryan@example.net,"704 Hamilton Drive Suite 189
Tuckerland, MS 80932",2023-08-10
7819,Heather Houston,kathleenbrown@example.org,"608 Cruz Extensions
Valeriestad, MO 43156",2021-08-07
2195,Julie Atkinson,davidortega@example.com,"3671 Marquez Falls
Kyleborough, IA 92530",2023-08-30
7498,Timothy Green,diazkenneth@example.org,"68029 Michele Fords Apt. 458
New Monicatown, NH 21700",2022-12-23
2918,Mary Robertson,tbaker@example.com,"USNV Davis
FPO AA 06557",2020-01-08
4711,Jennifer Koch,tyoder@example.net,"PSC 7534, Box 6421
APO AE 08420",2023-08-17
6425,Beth Silva,emily35@example.org,"1967 Pope Mills Apt. 523
Lake Andrew, OH 45482",2023-05-08
4801,April Moore,fyoung@example.org,"50044 Myers Throughway
North Vincentborough, IA 73859",2022-07-20
3828,Tyler Johnson,derrick43@example.com,"854 Michael Landing Apt. 398
Nguyenbury, IN 08658",2020-06-25
7743,Paul Ferguson,teresa20@example.net,"207 Pena Manors
Port Matthewfurt, VT 32472",2023-01-27
9164,Louis Richards,robert10@example.com,"71222 Johnson Walk Suite 325
Susanchester, KY 74478",2023-05-26
4639,Susan Todd,raymond42@example.net,"345 Rivera Pines Apt. 655
New Bradley, ID 11323",2021-04-05
7480,Belinda Davidson,xhicks@example.com,"44873 Castillo Divide Apt. 754
Josemouth, RI 04340",2023-08-04
5053,Cheryl Dodson,nicolewilkins@example.net,"21128 Richardson Walks
West Samanthaville, DC 15836",2023-04-13
3718,Darrell Reese,hannah89@example.org,"71252 Vargas Place
West Nicole, MH 81016",2020-07-21
5180,Rodney Macdonald,james05@example.net,"728 Moore Flats
Mayoview, VA 83417",2021-02-26
2054,Dakota Johnson,trevorgonzalez@example.net,"USS Collins
FPO AP 92131",2021-03-11
6477,Gregory Beasley,lisa35@example.org,"091 Lang Rapid
North Richardton, CA 99569",2023-04-18
8999,Heather Ford,penningtonmichelle@example.com,"562 Abigail Fork
Olsenburgh, WA 35720",2020-03-16
3970,Ashley Mathews,sheltontammy@example.org,"46411 Owens Corner
New Stacy, MP 05904",2024-05-17
3781,Jamie Sharp,bethany30@example.org,"5342 Susan Garden Suite 336
Donnastad, OR 48019",2021-06-12
3676,Amanda Mata,gonzaleshaley@example.org,"5292 Stacy Camp Apt. 579
Lake Jessicahaven, GA 34662",2023-07-10
6823,Bryan Garcia,david94@example.com,"96873 Jones Prairie Suite 301
New Nathan, VA 77872",2023-10-02
4953,Mark Clark,mwalker@example.net,"06198 Cook Way Apt. 854
Jessicaburgh, TN 44805",2020-02-09
1578,Tanya Chan,fsanchez@example.com,"06676 Williams Streets Suite 741
West Rachelport, WV 64644",2021-08-18
9429,Jeff Butler,rlynn@example.com,"96950 Walker Brooks Apt. 189
Bellshire, GU 23641",2021-02-25
8649,Cameron Campos,shelley26@example.net,"279 Wong Terrace Apt. 939
West Anthony, SC 41085",2024-05-14
1930,Kimberly Olsen,ibrown@example.org,"5027 Armstrong Inlet Apt. 746
West Justin, NV 75071",2022-03-26
8290,Andrew Shepherd,zhangariel@example.org,"PSC 1400, Box 3471
APO AE 44105",2021-06-25
1999,Mark Thompson,jonescrystal@example.org,"80808 Mcmahon Mountain Apt. 032
Alyssafort, TN 61160",2023-06-28
3268,Jeffrey Garcia,brownheidi@example.org,"378 Young Rue
Port Michael, CO 89668",2024-06-25
7151,Isabella Richardson,baileymark@example.com,"844 Ann Ramp Apt. 684
Walshport, NH 04907",2024-03-30
4612,Samantha Watts,stevenpeterson@example.org,"212 West Common
Port Troychester, CT 45975",2022-11-06
9522,Lori Charles,travisbaker@example.com,"580 Turner Knolls
Port Elizabethmouth, KY 71294",2023-09-15
3976,Travis Cameron,masonrivera@example.net,"PSC 6489, Box 4753
APO AP 61489",2024-03-14
2719,Cameron Chang,reynoldscynthia@example.com,"91405 Robinson Rapids
Barajastown, CA 50371",2022-08-29
6698,Charlene Williams,williamskristen@example.net,"409 Jonathan Lodge Suite 545
Harrisonville, PR 67324",2021-12-18
1506,Donald Hooper,xgrant@example.com,"748 Mark Street
Caseyberg, IA 47113",2022-12-18
1995,Laurie Stone,edwin95@example.org,"30197 Jared Via
New Christina, ME 42890",2022-01-09
2370,Justin Watkins,hessgabriel@example.com,"8312 Elizabeth Road
South Brandonside, IN 79413",2022-03-26
9180,Michael Nelson,jblanchard@example.net,"412 Martinez Ports Suite 219
Wilsonton, AL 96167",2020-05-12
1660,Cassie Allen,alvin40@example.com,"432 Vaughn Locks
Port Benjaminville, VT 94939",2022-11-04
8976,Katherine Blair,edwardsjames@example.net,"4860 Jonathan Ridge
Matthewborough, HI 73513",2024-04-15
9347,Lori Moore,christopher79@example.net,"393 Mark Walks
Shawnstad, UT 69242",2022-01-10
4126,Hailey Foster,wolfedavid@example.net,"USS Powers
FPO AP 39095",2024-02-16
6964,Leslie Ortiz,franciscohayes@example.net,"945 Howell Hills Apt. 593
Port Hannah, OH 71921",2023-01-27
2170,Erica Jackson,madeline46@example.com,"500 Travis Prairie Apt. 952
Lindsayville, PA 45641",2024-04-26
1812,Paul David,jennifermiller@example.net,"15257 James Place Apt. 871
Deborahmouth, IN 96792",2022-09-17
1707,Leslie Bond,williamsangela@example.net,"75962 Brian Mill
West Ashley, FM 22535",2022-04-18
6116,Kristen Silva,ashley70@example.com,"327 Joan Freeway
Richardchester, SC 54701",2024-03-23
2470,Kim Melton,dustinrojas@example.org,"USCGC Richardson
FPO AP 67279",2020-09-28
9440,Kristin Choi,kmartin@example.com,"247 Castillo Throughway Suite 666
West Wayne, ME 02064",2023-11-08
4893,Lisa Wallace,mcopeland@example.org,"20577 Hernandez Stravenue Suite 097
New Kyleborough, DC 30285",2020-02-28
9311,Kelly Carter,robert20@example.net,"516 Kathryn Pike Apt. 071
Woodsland, MI 74999",2022-11-18
5631,Katelyn Edwards,knightmarcia@example.org,"127 Connie Union Apt. 732
Port Barbaratown, AR 29246",2021-04-24
8580,Mr. Jose Archer,sharon75@example.org,"068 Williams Tunnel
Mcdonaldside, VT 27668",2022-05-27
9314,Frederick Chambers,shellyyates@example.org,"531 Elizabeth Keys
Lake Michael, SC 14540",2023-11-01
9606,Dawn Adams,kingrandall@example.org,"7183 Johnson Street
North Matthew, PA 51640",2024-06-23
5485,Jesus Rogers,herrerastacy@example.com,"064 Timothy Locks Suite 601
Lozanofort, NJ 55785",2024-05-14
6646,Jimmy Smith,julie35@example.net,"920 Travis Gardens
Carterbury, MO 50516",2022-11-26
7360,Stanley Sullivan,jacqueline52@example.com,"8183 Short Via
Lake Christophertown, VA 71268",2023-08-31
2040,Bob Edwards,bendermackenzie@example.org,"USNS Gomez
FPO AP 51111",2022-06-26
8367,Gary Lawson,moralesshelby@example.com,"19281 Wilson Meadow
South Andrew, AZ 28103",2023-12-19
3526,Suzanne Harris,kelly22@example.net,"620 Rush Road
Brandonhaven, AS 69985",2022-02-03
6547,Joseph Kelley,blakeroy@example.com,"48673 Gray Ranch
New Jennifer, FL 01416",2020-01-13
8084,Theresa Chapman,megangrant@example.net,"241 Guerra Overpass Apt. 471
New Melanie, LA 96720",2022-01-16
6599,Regina Sparks,craig58@example.net,"39881 Anne Bridge Apt. 978
North Tammyview, VT 83308",2023-02-09
8868,Dr. Gary Robertson,suttonthomas@example.org,"950 Weaver Spring Suite 571
New Nicole, IL 89908",2021-06-08
5997,Phillip Butler,robert05@example.com,"845 Jason Motorway Suite 387
Lake Jonathontown, AS 13613",2024-04-15
8221,Joshua Martinez,fryesteven@example.net,"76527 Ashley Spurs
Lewisview, AL 63644",2021-09-09
2516,Adam Valdez,zgibson@example.net,"499 Cody Flats
Wilsonton, WV 93330",2021-09-20
1979,Brooke Fisher,gomezjose@example.net,"249 Melissa Green Apt. 656
South April, RI 08595",2021-01-22
3464,Edgar Baker,fitzpatrickdanielle@example.org,"29035 Katherine Turnpike
West Cindy, OK 99457",2021-01-27
2839,Christopher Martin,ahardy@example.com,"1705 Lindsay Glens
Madisonton, DC 33935",2023-12-23
4971,David Bates,quinngeorge@example.com,"69504 Johnny Light Suite 522
Port Harryshire, PW 34525",2023-11-21
8023,Cynthia Henderson,cyates@example.net,"41818 Sheila Tunnel Apt. 525
Port Tylerville, MS 32344",2023-03-22
1794,Andrew Mcmillan,robert04@example.org,"07298 Allison Squares
Scottbury, FL 71700",2022-02-23
8259,William Martinez,michaelmelissa@example.net,"USS Ochoa
FPO AA 64058",2020-01-10
4955,Logan Pierce,rchan@example.com,"61087 Stephanie Corner Apt. 598
East Johnshire, LA 41845",2022-09-06
7802,Brenda Schneider,joshuaprice@example.org,"125 Kim Lock
West Jeremy, TX 54007",2021-05-24
2216,Kathleen Alexander,stonejoseph@example.org,"34556 Stafford Throughway Apt. 320
Robinfurt, GA 48983",2023-03-14
3649,Mr. Donald Harrison,gwendolyn83@example.com,"0407 Sullivan Vista Apt. 784
North Holly, MN 32048",2023-12-18
7175,Emily Spence,collinsadam@example.org,"71807 Stevens Stream
New Traciport, AS 09467",2022-01-18
7432,Jason Peters,qlogan@example.net,"3694 Jay Burg
West Briannaside, MP 97822",2023-06-19
1587,Jeremiah Ramirez,iacosta@example.com,"9076 Joan Lakes
Lake Sean, IL 48702",2022-10-29
1602,Joseph Mitchell,victoriahart@example.org,"0985 Moore Club Apt. 494
Gregoryton, AK 35240",2023-06-13
4265,Michael Hanna,angela09@example.com,"Unit 1318 Box 4139
DPO AP 49454",2020-03-10
6829,Dana Bailey,patrickkaufman@example.org,"96639 Sara Divide Apt. 976
Thomasshire, KS 98484",2020-04-15
3310,Richard Clayton,williamskenneth@example.org,"9815 Martin Rue
North David, NV 35396",2020-08-17
5194,Brittany Anderson,jason30@example.org,"1463 George Park
South Dwayneborough, IN 39938",2020-07-31
9427,Sherry Webb,virginia61@example.com,"12154 Little Summit Suite 967
Juarezside, VA 11548",2020-12-24
4505,Robert Maddox,timothyherrera@example.net,"6912 Shepherd Avenue Suite 434
South Benjamin, PA 40624",2021-09-29
8821,Denise Miller,robertrussell@example.net,"3547 Amber Centers
West Gregoryborough, MD 44856",2021-04-09
9862,Jonathan Gibson,scottjohn@example.net,"6328 Miller Forks
West Juliaport, FM 60384",2020-05-21
5321,Stephanie Livingston,justin14@example.org,"5695 Laurie Fords
East David, UT 76149",2020-02-01
8600,James Myers,michaelhenry@example.com,"USNS Booker
FPO AA 76353",2022-05-27
6644,John Williams,deniseray@example.com,"862 Tiffany Circle Apt. 700
Chadburgh, MP 50050",2023-09-05
9799,Caleb Clark,vincent04@example.net,"64013 Hancock Mission
North Adrianmouth, IN 33000",2024-04-30
1593,Ashley Galloway,kramerbenjamin@example.net,"Unit 5222 Box 9515
DPO AA 76318",2022-07-16
5926,Carol Taylor,cindyelliott@example.net,"PSC 4427, Box 5892
APO AP 01666",2023-11-12
9123,Robert Peters,rebecca57@example.org,"8530 Anna Garden Apt. 703
Sheilaside, HI 42735",2021-02-25
2250,John Hickman,mariahstone@example.org,"58516 Harris Stravenue Suite 619
Paulaburgh, UT 24720",2024-03-30
3260,Cynthia Garcia,davisdavid@example.org,"722 Campos Wells Suite 690
Kathrynburgh, SD 13513",2020-05-23
2852,Michael Torres,duncanchristopher@example.net,"24030 Dalton Wells
Cannonbury, NE 61408",2022-12-03
5177,David Calderon,cory40@example.net,"018 Chris Mission
West Laurenshire, NV 03677",2022-12-28
4754,Elizabeth Thompson,pamela94@example.net,"37690 Williams Circles Apt. 345
Garcialand, WV 16270",2022-04-11
3392,Tiffany Moreno,twells@example.com,"19374 Marsh Port
Alexandrafort, SC 94469",2023-11-03
4077,Gregory Carroll,montgomeryjacob@example.com,"569 Schmidt Road
Danielport, VA 45862",2022-04-29
3092,William Elliott,becky47@example.org,"USNS Peterson
FPO AA 22690",2021-02-16
3489,Jonathan Rivera MD,donnahoward@example.net,"4834 Thornton Port Apt. 337
Lake Scottfort, LA 02918",2020-02-04
1793,Gabriel Mccullough,brad54@example.com,"04110 Martinez Viaduct Suite 142
Robertfurt, HI 47520",2021-01-05
9680,Loretta Hughes,hoffmanjames@example.org,"4298 Hansen Hill Suite 682
South Thomasburgh, MP 10540",2022-01-28
5534,Justin Casey,crystal15@example.com,"PSC 8827, Box 6727
APO AE 39122",2023-08-15
4505,Jennifer Peterson,mmorales@example.com,"902 Brandon Centers Apt. 530
Elizabethchester, MD 75642",2023-04-19
1232,Jesus Elliott,dustin28@example.com,"2985 Brandt Plains
Bellborough, NE 67106",2020-01-09
7827,Robert Nguyen,victoriawells@example.com,"39601 Derek Turnpike
Colemanport, ME 67641",2020-01-07
9429,Marissa Graham,john64@example.com,"142 Sandra Squares
East Michael, VA 23265",2023-07-11
6959,Scott Campbell,george71@example.com,"204 Cervantes Park
Amyton, WI 48524",2022-10-27
5304,Bradley Myers,bianca72@example.org,"3505 Matthews Hollow
Port Patrick, VA 44795",2022-08-21
4100,Angela Hernandez,petersonnicole@example.net,"896 Shepherd Mount Apt. 665
Lake Morgan, PA 02781",2023-07-01
7073,Peter Willis,wthompson@example.org,"05988 Dixon Plains
Carolineland, TX 57392",2021-06-07
7893,Rose Escobar,lindseybrown@example.org,"898 Lori Knolls Apt. 202
Sullivantown, AR 61268",2023-07-26
8355,Dana Nunez,timothy35@example.org,"86178 Baker Landing Suite 197
New April, ME 95763",2021-12-29
3268,Dana Scott,rodriguezgeorge@example.com,"71188 Bradley Points Apt. 887
Lake Melindahaven, ND 56999",2023-06-12
5299,Michael Le,chungjeffrey@example.net,"2974 Chapman Park
New Scottstad, NC 96864",2023-09-30
2784,Michael Fisher,blynch@example.org,"8697 Edward Hills
Lake Autumn, WI 40587",2023-08-05
2492,Thomas Jacobs,april61@example.net,"7771 Joshua Drive
North Sandra, MS 33154",2020-08-13
3028,Neil Rose,lindsay49@example.org,"7788 Lopez Keys Suite 311
Johaven, NY 61212",2020-05-06
2563,Joshua Banks,lindsaykirby@example.org,"47961 Mathew Oval
Bobbymouth, GU 44083",2023-08-03
2015,Yolanda Simmons,ryan05@example.net,"949 Kenneth Field
Port Charlesborough, UT 80159",2021-05-03
7619,Emily Simmons,derek44@example.net,"98966 Leroy Alley
Ronaldstad, IN 99114",2024-04-03
4755,Tracy Burgess,pfarmer@example.com,"462 Johnson Creek
Port Theodore, SC 55161",2023-11-26
1301,Jacob Monroe,mcconnellmichael@example.org,"9419 Williams Run
West Taylorchester, AZ 00503",2022-10-16
4874,Lisa Lee,fperez@example.org,"843 Erica Drives
Melissafurt, TX 55405",2021-11-28
8627,Nicole Williams,ujones@example.org,"09578 Stacy Cliff Apt. 814
Lukeside, PA 41867",2020-09-21
7328,Miranda Allen,shelly73@example.org,"79541 Jonathan Underpass Apt. 758
Lake Daniellefurt, NY 16295",2022-03-08
3225,Rebecca Hamilton,ssherman@example.net,"041 Peter Cove Apt. 674
New Judychester, KY 75977",2022-02-05
7431,Timothy Stevens,fbrown@example.net,"Unit 7858 Box 4481
DPO AE 16506",2021-09-02
3371,Joseph Buckley,gouldsandra@example.com,"1151 Bush Fords
Lake Kelsey, NC 22258",2023-08-14
8738,Lynn Torres,gregory48@example.net,"4431 Jonathan Shores Suite 720
Port Tammyborough, AK 67810",2022-03-26
4542,Pamela Richard,bernardmatthew@example.com,"1721 Ferguson Mission Suite 333
West Ericmouth, MO 47762",2022-01-09
2923,Renee Wilson,leslie89@example.net,"51248 Veronica Locks Apt. 184
Banksburgh, FL 14937",2021-04-26
3602,Catherine Martinez,brandtsandra@example.org,"5512 Brown Bypass Suite 753
Sarahhaven, NV 80199",2021-02-13
8519,Joshua Stewart,lopezbrian@example.net,"2531 Mark Mission Suite 397
East Kimberlyville, VT 94490",2020-02-04
5732,Gregory Sanchez,dhansen@example.net,"7965 Mosley Walk
New Angelatown, MN 54329",2021-01-18
2192,Sarah Morrow,qperry@example.com,"48043 Valdez Mountain
Ellisside, WY 41369",2021-10-03
3904,Kimberly Ward,reyesstephanie@example.com,"3786 Stanton Trafficway Apt. 041
Pricetown, TN 71698",2021-09-27
2125,Cody Buchanan,tonylewis@example.net,"7628 Smith Avenue Suite 660
West Kathleen, VI 18795",2020-05-09
3496,Micheal Rodriguez,kevin63@example.org,"807 Richard Walk Suite 627
West Jillianport, DC 46304",2023-04-01
3903,Laura Torres,ebarnes@example.org,"65238 John Plains
Parkerville, GU 87548",2021-03-30
3145,John Hopkins,daniel60@example.net,"USS Gonzalez
FPO AE 61985",2023-06-18
2273,Linda Duncan,cummingsjulie@example.org,"0828 Monica Square
Kristinton, IA 25576",2022-07-31
8838,Samantha Harris,michaelmunoz@example.org,"251 West Key
West Amy, KS 95562",2021-02-07
1387,Carolyn Baker,jackestes@example.org,"562 Daniel Square Apt. 206
Glendaville, WV 44714",2021-03-11
7450,Jesse Ballard,griffithstanley@example.net,"87644 Adams Center
West Danastad, WI 20442",2020-10-11
8770,Timothy Valencia,zachary03@example.net,"089 Collins Summit Suite 665
North Maryfurt, OH 22819",2022-10-20
7996,Amy Jones,annerivera@example.net,"0836 James Locks
Danielshire, ND 75525",2020-12-09
1184,Rachel Washington,cruzsamantha@example.com,"0699 Kristen Island
Andrademouth, ND 45514",2022-08-30
5094,Dawn Williams,dannyreeves@example.com,"62444 Boyd Gardens Suite 116
Ambershire, NV 99034",2021-06-24
4742,Nichole Garrison,ashleybrown@example.com,"022 Julia Wall Suite 521
South Steven, CT 47284",2021-07-11
9619,Kathy Moss,chaseewing@example.org,"767 Moore Parks Suite 115
Nunezmouth, VI 41211",2024-04-20
6365,Heather Gonzalez,harrisronald@example.net,"USNS Campbell
FPO AA 43732",2022-05-28
4886,Ashley Collins,steven17@example.net,"780 Janet Plains
Cassandraville, PA 85515",2022-09-04
8760,Angela Jensen,williamsrobert@example.net,"673 Cynthia Expressway
North Jamesburgh, MH 23256",2022-12-02
3511,Vanessa Sanchez,heather81@example.net,"Unit 8518 Box 2031
DPO AE 77289",2022-01-09
3490,Anita Turner,sue02@example.net,"041 Harper Land
North Kevin, NJ 83355",2021-02-08
9537,Michael Gordon,francotommy@example.com,"USNS Compton
FPO AA 58785",2022-12-28
5428,Victoria Kelly,dmacdonald@example.net,"69623 Hall Ville Suite 854
Port Angel, NM 30544",2020-01-07
6353,Robert Tucker,annacole@example.org,"457 Harper Locks
Knightfort, MP 09025",2021-03-25
4906,Krystal Pruitt,brianbarnes@example.net,"628 Margaret Meadow
Chavezview, OK 57884",2021-10-24
5952,Tyler Bennett,amythompson@example.org,"052 Stephanie Vista
New Lauramouth, AR 36976",2023-07-11
5961,Miguel Schmidt,angelahernandez@example.com,"512 Hickman Mountains
Port Larryport, FM 02879",2022-06-24
9228,Ryan Lucas,amyrodriguez@example.org,"1554 Jones View
Blackburntown, NY 68081",2022-02-17
5112,Jeffrey Buckley,thomashoffman@example.net,"5434 Parker Inlet
Jessicachester, IN 24991",2022-07-11
4462,Justin Fox,jeremymartin@example.com,"0953 Amy Track Suite 734
Wrightland, MT 93621",2022-05-20
5845,Mary Melendez,aimeehoover@example.org,"USS Martin
FPO AE 69326",2023-04-25
1869,William Schroeder,ryan47@example.org,"78029 Robert Plaza Apt. 390
South Deanside, MD 76280",2021-11-06
2232,Kelsey Allison,arnoldmichael@example.net,"Unit 9948 Box 9906
DPO AE 56123",2020-11-15
4000,Kaitlyn Massey,morrisbrian@example.org,"4450 Holly Road
Lake Courtneyhaven, NY 86064",2022-06-17
6889,Logan Nichols,gschroeder@example.org,"47138 Michael River
West Jenniferside, CA 49461",2021-06-08
5769,Kevin Foster,davismary@example.net,"731 Strickland Overpass
Lake Stacey, MT 20723",2021-01-16
5313,Brad Burch,andersenwhitney@example.com,"870 Stephen Locks
Sandersport, NM 58796",2021-04-20
7781,Veronica Johnson DVM,andersenkenneth@example.org,"5109 Clark Mills
Lake Marcus, NV 15748",2021-06-20
5383,Debra West,jdunlap@example.org,"2692 West Cliff
East Jeffreyshire, IL 10602",2022-05-31
3460,James Cooper,qturner@example.com,"05520 John Lake
East Kennethburgh, SD 10421",2023-10-26
2375,Nicholas Reeves MD,brandinichols@example.com,"21958 Yvonne Street
Harrischester, IN 55833",2021-11-30
3647,Tyler Gutierrez,gkramer@example.net,"13671 Erika Trafficway
Michellemouth, NJ 48450",2023-11-08
9911,Jennifer Pena,natashavazquez@example.com,"USNV Perkins
FPO AA 38378",2020-03-09
6553,Mr. Timothy Murphy,eshelton@example.org,"4929 Armstrong River Suite 210
Port Brenda, VA 13861",2020-01-03
8780,Daniel Zuniga,michael89@example.net,"3186 Heidi Roads
Robertobury, OH 10908",2022-07-27
4777,Andrea Owens,dominguezshelby@example.net,"9858 Turner Cape Suite 455
East Josephchester, VA 61031",2023-08-08
2152,Julia Barton,kevin91@example.org,"Unit 4897 Box 1697
DPO AA 18024",2021-02-25
3292,Kathleen Hunter MD,fpowell@example.net,"581 Lewis Land
Port Brian, RI 92573",2020-10-17
9840,Yolanda Burton,schultzstacey@example.net,"1501 Chang Burgs
Davisville, MN 55375",2020-04-23
9017,Anthony Campos,michellewatts@example.net,"37438 Rosales River Apt. 712
New Matthewmouth, WA 87662",2020-04-26
1057,Michelle Norton,carrkenneth@example.org,"43412 Terry Union Suite 564
Lesliemouth, NJ 60721",2022-03-04
1164,Eugene Schwartz,jameswright@example.org,"969 Hale Harbors Suite 732
Josechester, KY 36468",2024-01-01
7643,Timothy Thomas,lthompson@example.com,"Unit 4292 Box 7938
DPO AA 77961",2022-04-14
6370,Stephanie Thomas,emathews@example.org,"3669 Jerry Port Suite 675
Bobbyport, OR 20479",2021-02-27
3371,Natasha Silva,patricia53@example.net,"347 Palmer Roads
Craigville, AS 19178",2020-03-30
4990,Bradley Robinson,vsmith@example.net,"6478 Lowe Point Suite 000
West Jeffreyside, WV 81235",2020-10-26
1974,Peter Mathis,sabrina82@example.org,"8079 Shah Mountains Suite 327
Dylanmouth, DE 38442",2021-04-10
6352,Jasmine Petersen,reedkevin@example.org,"37086 James Rapids Suite 575
East Kenneth, GA 56684",2021-04-29
5667,Rhonda Benson,tdonovan@example.net,"047 Munoz Port Apt. 071
North Shane, LA 61648",2024-03-28
7627,Charles Bennett,isaac46@example.com,"7035 Mary Ridges Suite 655
East Markhaven, MO 92898",2023-04-06
2305,Shelley Rollins,rhondaarias@example.com,"11782 Clark Terrace
East Krista, MH 83858",2022-02-26
7590,Angela Taylor,kelleylinda@example.com,"8482 Hancock Lakes
Moralesside, MP 29279",2023-08-24
3515,Sara Kennedy,andrea83@example.org,"686 Strickland Flats Apt. 037
North Jasonhaven, NC 01929",2021-07-12
5839,Rebekah Frost,martinwells@example.net,"21328 Hernandez Vista Suite 885
Port Jenniferstad, TX 91847",2020-04-19
8076,Brandon Mayo,zacharynewton@example.org,"865 John Creek
Ericmouth, AL 78801",2024-04-11
6725,Ariel Brown,pamgonzalez@example.com,"42132 Garrison Cliff
Lynchberg, GA 42468",2021-02-17
4120,Michael Perkins,dscott@example.com,"USNS Navarro
FPO AA 51442",2022-04-30
4893,Duane Gordon,moonallison@example.net,"6811 Johnson Trail Apt. 511
Juliefurt, MD 72190",2021-03-31
7520,Johnathan Ward,edavis@example.com,"04739 Laura Junctions Apt. 782
Vaughnmouth, NH 12878",2021-04-16
1327,Gregory Hoffman,qsmith@example.com,"415 Michael Cliff
Charlestown, KS 69625",2024-05-14
4288,Nicole Leonard,rosskarla@example.net,"623 Kimberly Park
New Lindseyland, PR 59074",2024-04-01
9259,Timothy Lopez,jensenwilliam@example.org,"4192 Sanchez Shore
Hannaburgh, PA 10428",2023-12-05
7805,Valerie Gomez,williamskirk@example.com,"640 Veronica Shore
Lake Emily, AZ 92958",2022-02-16
2028,Paul Hubbard,sara03@example.net,"39947 Wilson Locks Apt. 574
South Angelafurt, MH 93204",2021-10-26
6196,Caitlyn Vaughn,karen83@example.net,"951 Hester View Suite 907
New Scottton, MD 69961",2023-09-19
9481,Tammy Osborn,jameswu@example.com,"845 Kevin Street
Justinchester, KS 58067",2023-08-19
4623,Amy Perry,zhernandez@example.org,"850 Brittney Well Apt. 974
Alexismouth, CA 93982",2023-12-21
3868,Jesse Ryan,cdouglas@example.net,"48802 Mary Walk
Hortonfurt, PW 19197",2020-09-03
6681,Kristy Scott,zacharyatkins@example.com,"971 Breanna Bypass Suite 717
East Nancy, MN 09440",2023-04-03
6208,Thomas Rivera,marshallrobert@example.net,"055 Villarreal Trafficway
West Pamelashire, MI 31969",2022-08-05
5010,Brian Murphy,markhenderson@example.net,"815 Laurie River Apt. 544
West Amanda, VA 81094",2021-02-10
1624,Olivia Butler,melindahuynh@example.net,"8426 Mark Terrace Apt. 337
North Mary, TN 88093",2020-06-24
2901,Victor Reeves,rachelwilson@example.net,"3795 Hogan Road Apt. 912
East Danielport, MT 78666",2020-05-11
8655,James Turner Jr.,harrismark@example.org,"8166 Mary Isle
Jonathanville, LA 11794",2024-03-13
7593,Adam Parker,kerriramos@example.org,"596 Jose Mews Apt. 039
Port Lisa, HI 37859",2024-04-07
5434,Jason Moran,margaretkelly@example.org,"7470 Aaron Meadow
North Annhaven, MD 05526",2021-05-13
2867,James Richard,smithbenjamin@example.com,"4624 Michael Landing
Port Chelseaberg, IA 31508",2021-02-08
3019,Caleb Smith,esimmons@example.com,"02037 Johnson Cape
Dwayneland, IN 50050",2022-10-22
9790,Alicia Freeman,jennifer02@example.com,"0079 Mary Walks Suite 857
Herrerachester, CA 56664",2024-02-08
7211,Kristin Young,james90@example.com,"8175 Reynolds Route Suite 774
New Jennifermouth, SC 10748",2022-04-25
9472,Michael Johnson,jacksonrobin@example.net,"059 Gentry Heights
West Robertfurt, ND 03820",2024-01-15
7909,Jason James,michaelwalker@example.com,"USS Adams
FPO AA 39918",2022-05-30
3790,Theodore Franco,samantha33@example.net,"193 Bryant Knoll Apt. 713
East Amychester, MH 01031",2021-11-09
9609,Lynn Hernandez,cortiz@example.net,"USCGC Ross
FPO AE 23509",2020-03-14
1451,Robert Rodriguez,groberts@example.org,"94833 Alec Parks Suite 676
Lake Karenshire, TN 58754",2020-02-29
1999,Leslie Rojas,lynn49@example.org,"74161 Henderson Estates Suite 548
Shepardmouth, WA 13718",2023-12-12
9050,Anthony Andrews,matthewnash@example.com,"559 Kimberly Heights Apt. 023
South Davidburgh, AR 57384",2021-02-12
7968,Kristina Buckley,nweeks@example.com,"458 Whitaker Via Suite 619
West Rebecca, MA 42382",2020-07-23
1202,Tina Pollard MD,shelbysmith@example.org,"PSC 6858, Box 6885
APO AA 88172",2023-10-28
9666,Randy Owens,hsuarez@example.com,"0497 Renee Plains
Balltown, CT 74742",2024-01-10
8418,Susan Mason,wuadam@example.com,"27868 Martinez Underpass
South Cheryl, VA 24157",2020-02-16
5937,Brian Hull,fowens@example.net,"30389 Katherine Highway
East Gavinbury, AR 23175",2022-03-15
9058,Joe Greene,gregoryli@example.net,"4320 Jessica Manor
Nicolestad, CO 49788",2020-11-03
6710,Richard Cooper,samanthaburns@example.com,"4689 Hernandez Place
Osborneshire, CO 20151",2023-03-14
2516,Amanda Obrien,cowangail@example.com,"5940 Smith Brooks
East Benjaminbury, RI 04393",2021-11-03
1942,Donna Graham,johnsondarrell@example.com,"9454 Duran Stream
New Toni, TX 62779",2022-10-18
2399,Sarah Brewer,gibbsluis@example.com,"0020 Thomas Meadow Suite 758
Michaelshire, TX 00993",2022-12-22
6838,Travis Parker,nrasmussen@example.org,"497 David Ports Apt. 951
South John, WV 73405",2024-02-27
5218,Rebecca Burke,allisonriley@example.com,"239 Gardner Port
Grantview, PW 43744",2024-06-25
5909,Jessica Green,josephmueller@example.com,"Unit 5963 Box 2223
DPO AE 72625",2020-05-25
8836,Mary Fuentes,ashley95@example.org,"859 Poole Roads Suite 889
Port Tonyport, SD 86644",2021-01-27
6310,Katherine Williams,jennifer76@example.org,"624 Alexander Mall Suite 301
Lake Colintown, VT 27144",2023-09-14
2914,Ashley Bartlett,danielhardy@example.net,"63100 Jo Drives
Port Jeffrey, WV 67742",2021-04-05
9586,Virginia Fernandez,johnholt@example.com,"3372 David Streets Apt. 104
North Timothytown, AK 08190",2023-01-19
4043,Susan Chase,pricechristopher@example.org,"Unit 2037 Box 5638
DPO AE 36764",2023-08-06
6113,Michael Grant,thomas34@example.org,"1622 Jacob Islands Suite 070
West Cheryl, WV 21679",2023-08-04
4353,Kevin Mendoza,tbond@example.net,"5492 Cheryl Harbors
Nathanbury, DC 68297",2021-09-17
8765,Albert Lopez,hebertcameron@example.net,"1734 Hunter Gateway Suite 236
New Robertside, RI 61367",2020-01-12
3702,Dr. Tyler Hunt,kthompson@example.net,"40661 Hatfield Trail Suite 444
Paulabury, ID 65928",2023-10-09
9695,Debra Gonzales,sandra21@example.org,"1669 Carl Hollow
Mooreburgh, ID 09483",2020-08-14
4755,Douglas Miller,ruizrobert@example.org,"0816 Michael Flats Suite 754
Brownton, CO 37864",2021-12-30
9239,Andrew Lee,robertbarrett@example.com,"917 Jesse Crescent
Natalieburgh, GA 50672",2020-09-07
3807,Sue Hall,maldonadokathy@example.org,"81314 Hawkins Stravenue
West Krystal, AL 52731",2021-07-16
3068,Sheri Glover,prose@example.org,"05033 Rodriguez Inlet
East Leslie, VA 54872",2021-01-21
6810,Nicholas Mckee,schneidersharon@example.com,"35026 Donaldson Keys
East Toddmouth, CT 46580",2023-12-23
5081,David Miller,zmccormick@example.com,"1573 Mata Cove
Matthewbury, LA 20059",2022-08-04
6406,Richard Newman,powen@example.com,"1188 Sara Trace Apt. 341
South Nicoleville, AZ 15837",2023-02-15
1603,Jennifer Berry,huberbarry@example.com,"PSC 4726, Box 6786
APO AP 54045",2020-06-21
4987,Miranda Marshall,ygentry@example.org,"368 Alexis Estate Suite 790
South Angela, ND 77019",2021-06-15
4837,Samuel Mathews,youngmarco@example.org,"6817 Claudia Mall
Lake Andrewville, PA 14865",2022-05-11
5761,Ashley Phillips,leslieandrews@example.org,"65885 Diaz Dale
South Michael, VI 09167",2022-04-23
4914,Jeff Le,jill46@example.com,"PSC 4467, Box 8449
APO AA 81550",2020-03-14
6139,Eric Cook,jessica11@example.org,"PSC 2666, Box 4666
APO AA 85634",2022-01-18
2906,Thomas Fox,tranbenjamin@example.com,"57942 Robert Flats Suite 974
Laurashire, LA 88809",2024-06-23
6555,Melissa Romero,jenkinskelly@example.com,"471 Paula Roads
Kingmouth, OR 84028",2023-08-08
5350,Jennifer Mitchell,jenkinsdiane@example.com,"66217 Sarah Extension
New Juliestad, AK 93718",2022-08-15
8242,Jacqueline Brown,sullivananita@example.org,"530 Wilson Shoal Apt. 835
New Jimmy, NM 84026",2023-01-04
8761,Ross Jones,abailey@example.org,"7941 Moran Terrace
New Eddie, ND 53665",2024-06-06
3589,Kelly Parker,perezchris@example.net,"545 Chaney Wells Apt. 161
West Sarah, ME 19706",2022-11-13
4076,Lauren Cruz,millerbarbara@example.com,"24427 Kristen Underpass
West Jerry, AL 86731",2022-05-27
2486,Karen White,pwright@example.com,"64466 Smith Row
West William, MP 04648",2021-01-31
2462,Larry Bell,iwagner@example.net,"94497 Tucker Lane Suite 751
East Desireeside, MP 47344",2023-08-20
7714,Jason Martinez,paulshah@example.org,"85680 Casey Flat
Port Davidstad, GA 30017",2022-10-28
2459,Lisa Fitzgerald,maria89@example.net,"901 Hunter Greens Suite 582
North Patriciachester, MP 20834",2022-10-08
4031,Spencer Haas,bwright@example.com,"463 Chapman Park
North Matthew, AR 22702",2022-04-20
4197,Lisa West,weissrobin@example.com,"9074 Keller Circles
Cherylburgh, CO 96932",2021-08-01
1365,David Vasquez,sheilarivera@example.net,"4431 Melissa Rest
Alyssaland, SC 75655",2022-11-14
5039,Kelly Gonzalez,middletonlarry@example.net,"00488 Teresa Drive Apt. 959
Webbfurt, MN 50455",2020-09-23
6150,George Collins,stephenward@example.net,"448 Sarah Roads Suite 972
Port Michelleton, SC 85998",2020-12-26
8864,Lisa Huynh,roy61@example.org,"PSC 5475, Box 2082
APO AE 93558",2021-05-29
1211,Matthew Richards,crystalcisneros@example.net,"9220 Taylor Valleys
Lake Joseph, SD 18045",2023-10-11
2254,Darren Pace,stephenmarshall@example.org,"361 Flowers Well
Austinfort, IL 88272",2022-10-14
7119,Dr. Robert Livingston,grahamteresa@example.com,"9108 Sherri Fall Suite 276
Savannahville, NJ 63962",2022-06-07
6681,Matthew Webb,megan81@example.net,"886 Carter Loaf Apt. 178
Deanborough, MS 66006",2024-03-04
8986,Roger Coleman,cantrelljason@example.net,"9032 Jonathan Hollow
Port Mathewmouth, IA 45455",2020-08-14
1415,Kathy Barrett,obrienallison@example.org,"96184 Sara Rapids Apt. 146
South Daniel, RI 92011",2023-10-26
2644,Emily Jones,buckhenry@example.org,"7077 Elizabeth Trafficway Suite 382
East Michaelshire, VT 98656",2023-08-20
2028,David Robinson,courtneyjarvis@example.com,"9137 Antonio Bypass
New Ronniemouth, MP 26906",2022-10-29
1699,Debra Nolan,welchcarla@example.net,"353 Keith Drives Apt. 093
East Monique, VI 13690",2023-11-21
5208,Jennifer Curtis,anthony25@example.org,"2905 Willie Terrace
Howardmouth, NC 36026",2021-11-22
9215,Edward Arellano,cohenpatrick@example.org,"USNS Smith
FPO AP 46623",2020-04-12
2706,Dominique Prince,perezemma@example.net,"93024 Michael Wall Apt. 916
New Katrina, MI 77643",2023-02-06
2484,Scott Bryant,rhouston@example.net,"4934 Richard Park
Patrickmouth, NY 72817",2023-10-09
7523,Joshua Snyder,shawn69@example.net,"1763 Adams Manor Apt. 627
East Kenneth, MN 61022",2020-01-07
8947,Michael Kemp,amyfisher@example.com,"7519 Robert Lock Apt. 621
Lake Kelly, VT 88254",2023-06-30
3247,Robert Murphy,rwright@example.org,"PSC 0050, Box 9370
APO AA 72156",2022-04-10
8876,Scott Bennett,clarkbrett@example.com,"78147 Smith Lodge
Justinshire, ME 74712",2021-09-24
1269,Colin Harrison,gharrell@example.com,"52111 Barry Islands
Sethland, NE 87909",2024-05-19
7301,Scott Ortiz,poliver@example.com,"5091 Blevins Parkways Apt. 667
Cassandrahaven, AR 93614",2020-12-27
4390,Brenda Arnold,gonzalezsara@example.org,"30271 Fernandez Port
Archerview, CA 09627",2021-12-12
5140,Mr. Erik Williams,brenda93@example.com,"139 Walker Fords
Lisaport, SD 05417",2021-01-03
6115,Sheila Chen,robertnewman@example.org,"2880 Ball Street Apt. 115
Lorifort, ID 54370",2021-11-01
4892,Stacey Short,brittany23@example.com,"2069 Fox Dale
North Ernestborough, ID 02710",2022-12-24
9962,Matthew Miller,rose49@example.org,"792 Caldwell Turnpike Suite 474
East Christine, MO 15308",2022-04-06
8343,Charles Hernandez,devinbeck@example.net,"6331 Mason Motorway Suite 655
Lake Mary, MS 33772",2024-06-21
7555,Alan Hill,jamesmendoza@example.com,"9165 Wilson Light Suite 574
Port Sandramouth, PA 29624",2022-04-19
6212,Karen Hernandez,dawn40@example.net,"8295 Thomas Walk Suite 502
Lake Jamesburgh, MP 39125",2022-01-11
6799,Stephen Donovan,margaretcarroll@example.org,"90466 David Street Suite 105
Careyport, KS 39482",2024-01-10
7067,Madeline Bradley,sara94@example.com,"646 Flores Lodge
West Danny, KY 60707",2024-02-11
3590,Amber Cain,igriffin@example.com,"1115 Young Avenue Suite 852
South Williamshire, WI 59860",2022-01-23
3587,Thomas Harris,jeffreyhernandez@example.com,"51467 Dixon Springs
New Todd, VT 85411",2022-05-26
3697,Joshua Frey,brandon56@example.net,"Unit 5839 Box 6861
DPO AP 99505",2020-09-17
5430,Elizabeth Sanchez,lewiskenneth@example.com,"24964 Anderson Flat Apt. 409
Lake Tracey, CT 44336",2020-04-04
8396,Alexander Perry,williammassey@example.org,"165 Maldonado Island
Jonesview, GU 22305",2022-03-22
5762,Jeffrey Brown,alexandernguyen@example.net,"9377 Parker Port Suite 561
West Kevinmouth, FM 18402",2021-11-22
5120,Nicole Leach,fevans@example.org,"2935 Tammy Camp
Delacruzland, NC 18930",2023-04-09
2951,David Rogers,hgrant@example.org,"8583 Alexis Land
Hughesburgh, MI 00887",2022-07-24
1521,Anthony Gibson,jesse21@example.net,"329 Parsons Locks Suite 620
Quinnfurt, VI 97412",2021-10-17
3000,Patricia Woods,jennifer19@example.com,"33191 Zuniga Ramp Suite 079
North Darrylberg, NH 23540",2021-08-30
9257,Eric Dominguez,riveraamanda@example.org,"8023 Thomas Circle Suite 055
Thompsonburgh, AK 83032",2023-11-11
6773,Michelle Robertson,jeremy02@example.com,"78414 Ward Haven
Christopherstad, ND 58831",2023-01-09
1480,Hannah White,cesarpatel@example.net,"174 Nicole Walks
South Kellymouth, VI 61376",2021-05-30
7229,Caroline Bryant,courtney83@example.com,"PSC 4379, Box 3576
APO AA 17942",2021-05-16
7553,Carrie Vasquez,mgreene@example.org,"1161 Natalie Isle
Rachelborough, CA 21803",2023-05-13
3194,Aaron Andrews,harrisandrea@example.net,"3347 Sherry Plains Apt. 272
Romeroborough, KS 24351",2022-07-12
3164,Samantha Rodriguez,rzhang@example.net,"518 Edwin Rest
West Marymouth, MI 91113",2023-02-26
3519,Robert Ramos,michael66@example.org,"690 Robert Ramp Apt. 076
Barnettport, PW 70331",2024-06-17
2683,Aaron Smith,chapmanjohn@example.net,"56568 Black Well
Chambersville, MN 55732",2023-11-26
3409,Candice Lynch,tylerwebb@example.com,"000 Kim Bridge
North Rebecca, DC 45992",2023-06-10
2696,Randy James,ian99@example.org,"40791 Ashley Islands
Melissaland, TX 52244",2023-06-01
2713,Becky Carroll,andrewconway@example.net,"0133 Mary Island
New Spencer, ME 97849",2022-11-20
9139,Charles Lang,nicholas79@example.org,"5797 Andrew Bypass
Davidhaven, GU 00916",2022-03-09
6832,Mario Wilkerson,hmoore@example.net,"56048 David Greens Apt. 456
Kellyberg, WV 86629",2021-12-20
2045,Austin Huffman,odomwilliam@example.net,"9583 Wright Causeway Apt. 423
South Kristinchester, AS 98481",2023-09-23
2554,Antonio Perkins,leah34@example.com,"90956 Thomas Shoals
Jamesside, OR 05728",2022-07-04
2299,Jonathan Hernandez,davisrichard@example.net,"85469 West Street Apt. 484
North Eric, KY 82617",2023-06-23
8595,Jessica Jackson,kristencruz@example.org,"34356 Wendy Burgs
Wilsonfort, NJ 77955",2022-07-10
5093,Michael Clark,patrick55@example.org,"77321 Jerry Plains Suite 125
New Juan, RI 16053",2020-05-31
6946,Christopher Evans,kingmarcus@example.org,"329 Mariah Burg Apt. 678
Sandersstad, AS 65160",2021-10-02
5069,Howard Scott,christinacollier@example.net,"582 Kramer Prairie
Lindafurt, CA 88213",2023-04-27
2288,Sean Ross,wongbrittany@example.com,"50567 Alex River
East Josephfurt, MN 40494",2023-04-28
7855,David Moore,emorris@example.org,"35243 Samantha Viaduct
Carneyfurt, MA 37087",2024-04-15
3916,Daniel Simmons,michaelevans@example.com,"USNV Clark
FPO AP 24219",2024-03-19
4704,Brian Perry,karenrobertson@example.net,"0521 Bautista Flat
North Brianside, DC 95760",2023-10-15
1330,Victoria Stout,hlamb@example.net,"68311 Austin Union
Mcbridetown, NM 80785",2022-12-10
7938,Audrey Baxter,acostayvette@example.net,"061 Amber Square Suite 776
Lauraborough, MS 87436",2020-04-07
4294,Andrea Simpson,shartman@example.com,"96332 Gonzalez Plains Suite 397
Chloehaven, PR 78945",2020-06-18
5465,Kenneth Bennett,zwong@example.net,"327 Barton Corners
Lake Rebecca, IN 22483",2023-01-28
3935,Melissa Morgan,barbaramack@example.com,"Unit 3989 Box 7219
DPO AE 29853",2023-10-09
5122,Ethan Anthony,ybarnett@example.org,"907 Baxter Tunnel Apt. 165
Kelseyton, VI 10851",2020-07-10
4420,Michael Holmes,kjones@example.org,"4888 Hansen Street
Port Monicafort, SC 15152",2023-12-04
3548,Lucas Mueller,jbrown@example.net,"825 Johnson Ports
Damonborough, NM 75950",2022-04-05
5332,Michael Rasmussen,mullenmichelle@example.net,"6497 Palmer Shoals Suite 266
Bellton, SC 95414",2020-07-06
6728,Jeremy Gill,david39@example.org,"481 Lisa Circles Suite 240
Hornhaven, RI 02272",2021-08-07
4216,Joshua Norton,avilacristian@example.com,"5938 Bobby Highway Suite 877
Joneston, WA 35565",2021-11-29
3399,Jennifer Gates,tyler40@example.org,"9133 Webb Points
North Jack, ND 70777",2023-02-27
1308,Sharon Thomas,emily02@example.com,"30985 Taylor Row
New Bobbymouth, TX 23339",2021-12-23
8477,Christopher Young,barnesalexander@example.com,"736 Cooper Lane Suite 930
North Marisaton, UT 56776",2023-09-24
8706,Alyssa Garza,mary56@example.com,"Unit 5656 Box 6012
DPO AP 98133",2021-03-30
9230,William Singh,chelseajones@example.net,"0090 Alison Centers
Glennfort, FL 93507",2024-04-26
1519,Leonard Hill,michaeljohnson@example.org,"1646 Berg Village
Dawntown, MH 08071",2023-07-14
5390,Carmen Mooney,ewalker@example.org,"5627 Alexandria Curve Apt. 599
Harveychester, IA 09391",2024-03-07
9681,Melissa Neal,michael16@example.net,"3621 Jasmine Greens
Port Anthonyfurt, MT 03839",2022-05-08
4222,Christopher Moody,whitesuzanne@example.com,"USCGC Davis
FPO AE 96975",2024-05-23
9356,Rose Garcia,timothyphillips@example.com,"727 Pineda Village Suite 889
Natalieland, GU 22390",2020-11-21
8310,Tammie Lucas,normawade@example.org,"4173 Jason Prairie
South Travis, PA 84076",2021-11-02
4789,Tyler Gonzalez,brittney89@example.net,"689 Alison Ways
Jenniferview, MO 01894",2023-01-24
9572,Tanya Rhodes,ortizkyle@example.com,"8313 Stevens Mountain
New Johnathan, MN 89013",2020-05-25
5340,Anna Ross,jade24@example.com,"566 Welch Mountain
West Coreyport, SC 81485",2022-10-12
7706,Evan Anderson,ugomez@example.com,"916 Kathryn Canyon
Michaelside, AS 68490",2023-12-26
8903,Andrew Caldwell,brianfrey@example.net,"268 Juarez Shoals
Jeremyshire, AK 15343",2022-01-20
2343,Melanie Estrada,lauren60@example.org,"93717 White Overpass Apt. 006
Kevinshire, AS 54707",2024-02-01
6606,Luke Wright,ryanwarner@example.net,"0717 Melissa Street Apt. 472
Lynnmouth, ID 26602",2020-07-26
1268,Danielle Sawyer,ashlee76@example.org,"61637 Matthew Cliff Apt. 801
Aaronburgh, AR 09500",2022-09-29
7437,Bradley Johnson,bbeck@example.com,"75883 Kimberly Wells
Andersonfort, TX 18238",2022-04-09
5256,Julie Velez,cmarquez@example.org,"USS Johnson
FPO AE 77757",2022-08-27
7590,Alan Sharp,ucarter@example.org,"3575 Li Isle
Lake Jerry, PA 38132",2022-10-02
9974,Susan Smith,dmartinez@example.com,"83880 Kenneth Plaza
Port Daniel, VA 26802",2020-11-27
4697,Mrs. Kathryn Mcdaniel DVM,janeandrews@example.com,"17329 Powell Trail
Jordanside, IL 11985",2022-02-05
7496,Christopher Norman,icrosby@example.org,"8037 Jessica Way
Glendaton, WI 12321",2020-10-15
2179,Alex Miller,jennifermiller@example.org,"2985 Elizabeth Turnpike
Port Lisashire, DC 74532",2021-11-26
5124,Christina Peterson,lisagray@example.com,"781 Robinson Islands Suite 272
East Wendy, MA 34836",2023-11-10
1240,Stephanie Oconnor,scottrosales@example.net,"PSC 4388, Box 1964
APO AP 58517",2020-07-25
6358,Vincent Bradley,zpeters@example.org,"6145 Hernandez Field Suite 355
Adrianberg, WV 28626",2020-10-22
1964,Matthew Miller,johnerickson@example.com,"463 Lee Crest
Crossmouth, PR 60645",2024-02-12
8374,Andre Bishop,janetwilliams@example.net,"702 Tracy Hollow Apt. 748
Bridgetville, RI 94765",2021-07-02
4534,Arthur Ayala,dowen@example.org,"945 Larsen Freeway
South Tammy, MA 83588",2021-09-13
3418,Jasmine Macias,calderonadam@example.net,"PSC 2134, Box 6637
APO AP 09070",2022-09-26
3300,Bill Francis,ucampbell@example.net,"80607 Philip Square
Sarahfort, MH 47342",2021-06-10
2901,Stephanie Logan,robert87@example.org,"312 Robert Course Apt. 116
South Matthew, MD 88032",2023-11-26
9667,Gary Ramirez DVM,bnguyen@example.net,"8215 Wright Extension Apt. 170
Aaronton, PW 13529",2021-08-24
1448,Daniel Donovan,joshua36@example.org,"281 Nicholas Walk
Sheltonbury, AL 71396",2020-01-12
3851,Ricky Willis,williamwilliams@example.net,"USCGC Monroe
FPO AP 24001",2023-02-19
2808,Jerry Allen,bburns@example.org,"8175 Anna Crescent Apt. 205
Osborneburgh, MN 32945",2021-06-10
1145,Keith Middleton,laurengraves@example.com,"9184 Lozano Meadow
Ginashire, PR 65924",2023-06-06
1585,Bryan Vang,sgarza@example.com,"790 Kathy Points Apt. 391
South Janiceberg, WY 75264",2021-01-09
6099,Stephen Hamilton,alexismunoz@example.net,"1459 Watson Groves Apt. 001
Port Erica, DE 98269",2023-10-19
3336,John Madden,kimberlybennett@example.net,"4124 Christopher Villages Apt. 016
Moodyland, WI 08546",2020-09-25
6227,Wendy Taylor,sjohnson@example.org,"813 Nathan Vista Apt. 251
North April, MS 53430",2023-01-02
9212,Bradley Shelton,anthony12@example.com,"21631 Smith Rapid Apt. 620
Port Alex, OH 22462",2020-05-25
5599,Dustin Benson,kwallace@example.net,"634 Thomas Terrace
Youngburgh, GU 31723",2020-10-20
7325,Evan Mcgee,lorimay@example.com,"45921 Kenneth Camp
Sampsonfurt, VA 42319",2023-09-08
4467,Crystal Cook,donna35@example.com,"100 Williams Overpass Apt. 911
Davisland, AR 02401",2021-09-08
9890,Jeanette Small,sydneypollard@example.net,"715 Krause Summit
Johntown, AR 03336",2020-07-30
2839,Jeremy Baird,alvaradojason@example.net,"05930 Coleman Ridges
Scottburgh, VA 31784",2024-03-26
8661,Kelly Miller,ann69@example.net,"4909 Perez Road Apt. 619
New Katherineland, NE 98247",2023-02-14
3175,Wayne Horton,obrienjamie@example.org,"9261 Church Point Suite 114
New Audrey, KS 57679",2022-04-22
5695,Thomas Willis,jonathan53@example.org,"42652 Alan Divide
New Jesusland, ID 20834",2022-08-30
6815,Stephen David,garycooke@example.net,"502 Thomas Freeway
Michaelchester, FM 73796",2022-09-02
8855,Maria Jones,ztownsend@example.net,"376 Samuel Street Apt. 618
Jillchester, MT 91199",2024-01-12
1715,Ashley Hernandez,ybrown@example.com,"6449 Smith Greens Suite 567
Whiteview, MH 11872",2022-08-29
2263,Brian Mitchell,ashleybrown@example.net,"012 Corey Light Apt. 386
Ericton, NJ 29771",2021-09-16
4709,Madison Taylor,robertfreeman@example.net,"78390 Conrad Estate Suite 839
Crossfurt, NV 48746",2022-10-06
5791,Cheryl Jones,deanalexis@example.org,"8499 Stephanie Orchard Apt. 607
Kimberlyview, NV 26356",2023-01-08
8790,Angela Clarke,susan79@example.net,"98383 Glover Mews
Christopherton, IL 75634",2020-07-10
9908,Andrew Leonard,ashley45@example.org,"4543 Moore Underpass Apt. 257
North Amy, MD 72562",2021-07-20
7012,John Taylor,robertsmith@example.net,"289 Odonnell Ferry
West Richard, CT 66383",2020-03-03
1267,Steven Terry,wardmatthew@example.org,"0061 Hayes Bridge Apt. 144
West Amanda, NC 28831",2021-05-09
5385,Jason Spencer,collinslinda@example.net,"543 Kevin Plains Apt. 556
Aguilarmouth, SD 94445",2023-10-29
9845,Patrick Tran,larry63@example.com,"3622 Smith Shoal
Bishopstad, DC 20399",2022-12-14
1462,Brooke Underwood,brownrachel@example.net,"15677 Cody Well Suite 581
Catherineland, ME 22402",2023-01-24
3721,Daniel Mayer,deanna38@example.net,"98238 Kevin Union Suite 983
Phillipsstad, NE 96148",2021-07-22
9505,Catherine Nunez,thomas23@example.org,"USCGC Ochoa
FPO AP 91885",2023-06-29
5680,Jacqueline Taylor,christina48@example.com,"36023 Gina Manor Apt. 953
Timothyton, DE 18503",2024-04-18
9412,Vanessa Humphrey,etyler@example.com,"3431 Nina Drive
East Michaelburgh, OR 94573",2021-11-18
8934,Melissa Gordon,jwallace@example.com,"88718 Erik Hollow Apt. 552
Danielborough, TX 84787",2020-06-16
7684,David Malone,colebrooke@example.com,"7616 Darren Prairie Suite 434
Wilsonfort, IL 16299",2020-05-27
8729,Michelle Sosa,thomasmichael@example.com,"933 Smith Landing
Rachelchester, IN 16619",2023-06-04
8405,Mary Rowland,kristinagolden@example.com,"190 Henry Mission
Harriston, MH 95825",2021-04-01
7808,Brian Dawson,fwilkinson@example.org,"34280 Michael Camp Suite 616
Campbellstad, DE 80793",2020-08-09
9405,Travis Gill,haydencarmen@example.com,"PSC 5081, Box 9363
APO AE 44809",2021-09-08
6422,Donna Rivera,kathleen35@example.com,"287 Welch Shores
Pittstown, WY 49858",2022-06-19
8922,Lisa Keith,estephenson@example.net,"4632 Lawrence Run
South Melissa, AR 10211",2021-12-01
6635,Jody Lee,floreswalter@example.net,"PSC 1865, Box 8462
APO AP 69329",2022-05-16
1398,Steve Patel,nicholasyoung@example.com,"4731 Eric Key Suite 869
Hollyshire, FL 62124",2022-10-14
8426,Mike Morales,steinkelly@example.com,"44746 Mcgrath Lights Suite 909
West Rebeccafort, GA 33224",2024-01-21
3491,April Anderson,sandramartinez@example.net,"PSC 5909, Box 6790
APO AE 83640",2023-01-13
6388,Shelly Cook,melissa07@example.net,"7481 Perez Loop Suite 400
Shawntown, SD 56331",2020-02-23
7773,Mark Rogers,tgreen@example.com,"035 Hebert Glens Apt. 219
North Shannonburgh, OH 76387",2022-01-03
9299,Claudia Brown,sarahsalazar@example.net,"1610 Michael Stream Suite 470
Carlosfort, IN 65093",2021-08-28
6883,Robert Brown,ariasalyssa@example.org,"014 Lisa Pass Apt. 569
East Veronicamouth, PW 60276",2024-05-29
2668,Angela Everett,lauren58@example.com,"2333 Jones Cape
Kaylabury, WV 96937",2020-02-15
2792,Gerald Norton,aherman@example.com,"1767 Melinda Crossroad Apt. 670
Port Geraldville, WA 85925",2024-03-03
7066,Samantha Lopez,wkline@example.net,"5923 Martin Parkway Apt. 444
Port Matthewview, GU 97450",2020-12-24
9773,Patrick Parker,dereknguyen@example.net,"895 Ashley Ports
North Danielland, MO 27082",2022-06-23
1311,Ruth Olson,matthew55@example.org,"124 Amanda Forest Suite 113
Seanfurt, NM 06776",2022-10-16
4024,Matthew Newman,john38@example.com,"7560 Ford Mission Suite 298
Audreytown, KY 58111",2021-04-21
2187,Bonnie Jones,steven75@example.net,"518 Randall Greens Apt. 791
Bensonbury, FL 61339",2024-05-23
4678,Anthony Green,anthony90@example.com,"4847 Antonio Estates Apt. 202
Port Bradley, GU 01433",2024-01-25
1499,Steven Tate,therrera@example.net,"9076 Ashley Vista
Summersfort, MD 81435",2020-06-15
8346,Diana Bond,michael75@example.org,"0481 Mejia Parkways
South Alicia, MN 04442",2020-10-12
4027,Benjamin Chavez,tyler14@example.org,"7421 Cook Camp Apt. 697
Port Brittanyhaven, NY 53551",2024-04-21
6462,Christy Bell,kevin83@example.org,"170 Fleming Trail
New Lucas, SD 46356",2022-06-21
6813,Alexandria Schmitt,luke44@example.com,"97298 Diaz Road
West Jeffrey, MT 03731",2023-06-26
6877,Dennis Young,qrocha@example.net,"722 Brown Well
East Marissa, LA 27998",2024-02-14
9348,Jeremy Rivera,kgarcia@example.com,"USNS Henry
FPO AA 21093",2020-08-05
5988,Kristina Ramirez,allisonhoward@example.net,"0097 Maxwell River Apt. 385
West Katherine, MA 59829",2022-12-02
1767,James Nguyen,brettcoffey@example.net,"4407 Burton Orchard
Philipburgh, DC 47663",2021-07-02
6624,Amanda Martinez,robertblake@example.org,"385 Richard Lakes Apt. 733
South Carolyn, SC 73732",2022-05-11
8458,Dean Chavez,padillamatthew@example.com,"3916 Ronald Views
Port Sandra, MN 85576",2022-05-06
6670,Micheal Horton,jackie66@example.com,"378 Heather Valley
East Linda, IN 38383",2022-08-22
3309,Ronald Rivera,mcneiljonathan@example.net,"053 Todd Place
Kaylaborough, NV 83674",2020-08-27
8389,Michelle Faulkner,wilsonzachary@example.net,"3204 Williams Greens
Shannonfurt, ID 18034",2023-10-28
1008,Sharon Schmitt,vmorse@example.net,"PSC 7739, Box 3863
APO AA 43250",2023-03-28
7835,Olivia Robinson,heather50@example.com,"0839 Ricky Highway
Tuckermouth, IA 63452",2024-05-13
2236,Jeremiah Carey,tcastillo@example.com,"054 Chavez Forges
Hamiltontown, VA 65943",2023-07-25
8437,Lindsey Gomez,stantonzachary@example.net,"PSC 9648, Box 9767
APO AP 10429",2020-05-15
6418,Kyle Scott,parkerjennifer@example.com,"5559 Graham Fields
Annashire, NC 93199",2023-12-19
9110,Steven Ruiz,emily97@example.net,"9592 Hall Wells
New Julie, MA 81357",2021-08-16
9429,Martin Hernandez,ericthornton@example.net,"7335 Torres Green
Shaneside, KY 53016",2021-01-31
4641,Thomas Vasquez,roblessandra@example.com,"Unit 7253 Box 2368
DPO AP 74309",2022-02-20
9347,Luke Ramirez,chavezjessica@example.net,"601 Lloyd Fords Suite 710
Bergborough, KY 97530",2022-12-12
6303,Timothy Padilla,melissareilly@example.net,"124 Romero Tunnel Suite 087
South Jamesland, VT 99758",2020-09-11
1228,Kathleen Sanchez,jasmine74@example.net,"5013 Ramirez Walks
Jacksonburgh, SD 81962",2022-12-23
8187,Richard Wilson,wendy76@example.com,"8842 Dana Prairie Apt. 482
South Patrick, AL 52560",2020-12-24
8850,Breanna Holloway,annatrevino@example.org,"015 Sherry Islands Suite 801
Port Kennethshire, DE 49980",2022-04-03
6155,Glen Golden,eallen@example.org,"51586 Kimberly Shoal
North Thomasbury, DC 76305",2022-02-08
7782,Dawn Mullins,iherrera@example.org,"384 Nancy Roads
South Jessica, MN 70299",2023-10-16
2865,David Powers,kirkalvarado@example.com,"Unit 4686 Box 5906
DPO AA 12779",2024-04-05
7568,Julie Fields,mwright@example.com,"3411 Andrew Trace Apt. 911
Lake Phillip, NJ 00567",2022-03-28
4162,Christina Bass,cindy76@example.com,"8121 Felicia Dam Apt. 218
Lindaberg, MP 51268",2021-05-25
9609,Michael Lopez,danielburton@example.org,"89348 Ibarra Highway
Hensleyland, MN 36031",2021-11-01
7893,Julie Adkins,edward37@example.org,"8669 Joseph Mission
Port Elizabethmouth, HI 45353",2020-01-22
3845,Brenda Petersen,denniscummings@example.net,"72864 Hernandez Corners
Teresahaven, AK 14891",2021-04-04
8907,Kevin Pope,lopezrichard@example.org,"2439 Stark Extension
New Brett, GU 88468",2024-02-16
1401,Trevor Bell,qnorris@example.org,"9867 Patricia Ford
Lake Whitneyton, AZ 81830",2021-04-18
4070,Cynthia Moody,joshuabush@example.com,"57483 Amanda Islands
South Zacharyburgh, OH 87807",2023-09-13
3092,Kelly Rodgers,jwatts@example.net,"PSC 4274, Box 6652
APO AE 48223",2021-12-04
2044,Vickie Lambert,meganfernandez@example.org,"1514 Jacobs Plaza
Kennethburgh, OH 40491",2024-02-12
9048,John Ferguson,elaine31@example.net,"459 Nguyen Lane
West Melanieside, OK 86921",2023-01-07
9632,Teresa Johnson,livingstontricia@example.org,"540 Vanessa Track Apt. 774
Lake Megan, OH 80254",2023-11-09
9097,Michelle Harper,michaelstrong@example.org,"565 Reese Divide
Port Garyland, VT 27384",2022-08-17
2679,Robert Rogers,jjones@example.net,"52499 Hughes Circle Apt. 832
Port Charles, NV 50440",2020-02-09
1133,Zachary Rodriguez,daniel66@example.org,"86759 Armstrong Inlet
Wandachester, DE 37999",2022-06-25
3598,Veronica David,barbaralane@example.net,"74248 Brian Glen
Bennettchester, FL 05665",2022-03-19
6748,Elizabeth Brown,katieball@example.com,"11630 Lopez Pines
North Anthony, MN 61144",2023-09-04
9584,Jean Orr,robertunderwood@example.net,"959 Garcia Club Suite 850
Baileyville, NJ 41278",2021-08-22
1324,Tyler Mullins,richardsrenee@example.net,"4765 Stewart Unions
Abbottburgh, AK 59109",2022-01-04
8068,Michael Rice,darrell39@example.org,"93565 Brandon Union Suite 690
Thompsonfort, NY 35847",2023-09-15
1692,Brenda Sampson,williamboyd@example.com,"48127 Cynthia Pines
Rowestad, ND 46126",2020-09-21
3565,Barbara Thompson,emurphy@example.net,"954 Miller Valleys Suite 153
East Elizabethland, GA 24671",2021-10-28
1452,Wesley Jackson MD,xmorrison@example.net,"13270 Ashley Ridges Apt. 301
Stacyhaven, AR 21057",2020-04-20
2703,Michelle Phillips,rachelreyes@example.org,"046 Pratt Stravenue Suite 522
Christophershire, MS 01800",2020-10-05
4559,Joshua Harris,yhill@example.com,"720 Johnston Orchard Apt. 960
Emilyhaven, DC 52337",2020-02-26
6737,Jamie Dyer,johnsonbreanna@example.com,"772 Victoria Gateway Apt. 706
Ericton, IL 96156",2020-02-07
2633,Janice Sanders,khorton@example.org,"48191 Eric Tunnel
New Amyville, TX 50525",2020-05-16
7270,Robert Huffman,david98@example.org,"5042 Owens Neck
New Linda, WA 21706",2022-09-29
3026,Cynthia Davis,christine28@example.org,"PSC 3498, Box 4283
APO AP 04888",2023-02-13
9403,Jake Jackson,wendyhartman@example.net,"36281 Emma Ramp Suite 402
New Kimberlystad, VA 10320",2023-11-16
2827,Debra Moore,tspencer@example.com,"77365 Andrew Viaduct Apt. 712
West Roberto, OK 46614",2020-07-27
2959,Dr. Joshua Garcia,nicholas03@example.org,"6968 James Flat
Hollyshire, WY 08196",2023-06-18
3859,Brendan Wells,sheltonandre@example.com,"3222 Ramirez Dale
New Morgan, WV 20074",2023-12-20
1522,Wendy Peters,lisa43@example.org,"664 Hanna Islands Suite 185
Scottside, TN 81598",2020-03-21
6789,Brenda Riley,jasoncurry@example.net,"21560 Lopez Lake
Kelleyshire, DC 98410",2020-04-21
3505,Jessica Edwards,kimberly28@example.net,"9835 Joan Ports Apt. 549
Zacharyton, CO 91869",2024-04-18
6077,Kristen Curtis,frios@example.com,"8638 Woods Station Apt. 052
Kimbury, SD 90734",2024-03-19
5898,Frank Johnson,baldwinmatthew@example.net,"5126 Hernandez Valleys
Kristyburgh, PR 98934",2023-05-21
2797,Kristen Thomas,tommyjohnson@example.org,"50538 Kimberly Road Suite 137
North Robert, ND 46336",2021-07-20
5430,Brandy Jordan,jhuynh@example.org,"USNV Rice
FPO AE 00990",2020-12-23
5241,Brenda Smith,wdowns@example.com,"5849 Phillips Route Apt. 985
West Marcus, NE 17817",2020-02-18
6572,Diana Davis,chungjoshua@example.org,"Unit 7757 Box 1281
DPO AE 21774",2023-02-27
9566,Jeffrey Sampson,fcurtis@example.net,"450 Becker Estates
Wandashire, HI 41831",2023-05-19
5775,Jesus Dominguez,wilsonsarah@example.com,"31803 Bell Lake
North Kyle, NH 47538",2020-10-05
6151,Wendy Martin,staceyfuller@example.org,"989 James Gateway Apt. 813
New Gabriel, MH 04807",2020-01-05
4595,Christopher Whitaker,michelle77@example.org,"43020 Jennifer Fields Apt. 797
Jamesfurt, NM 86325",2022-08-20
3060,Joshua Rose,dwatson@example.net,"07563 Burns Via
Lorettashire, PW 09965",2020-06-02
8802,Michelle Torres MD,zachary58@example.com,"Unit 4758 Box 5605
DPO AP 59266",2020-12-29
5103,Megan Fowler,loweryandrea@example.com,"3300 Wilson Road
Lake Jamesport, NV 05646",2021-08-03
3570,Crystal Green MD,kelleybrenda@example.net,"815 Russell Underpass Suite 943
Millerland, NE 35330",2023-11-24
8332,Samuel Fischer,rmoore@example.net,"111 Cassidy Trafficway
Joelstad, MS 07392",2023-08-05
4932,Peter Rangel,jennifer88@example.com,"7405 Jake Springs Suite 242
West Audreymouth, GA 36789",2023-09-01
2625,Juan Holt,rowecrystal@example.net,"7350 Kelsey Estate Apt. 153
New Tiffanyport, NC 33209",2023-10-14
8303,Jared Page,shannon10@example.net,"339 Duarte Creek
Lake Michael, GA 83024",2020-03-02
8861,Sylvia Stuart,rachelmarquez@example.net,"865 Hawkins Walk Apt. 452
Robertbury, KS 43152",2024-06-19
7651,Jose Nixon,kgrant@example.org,"31567 Deborah Canyon Suite 804
East Scottmouth, FL 69174",2022-07-08
6824,Fred Black,lisadiaz@example.net,"390 Vega Plaza Apt. 724
Proctorview, ME 90478",2023-02-23
4728,Lisa Reyes,wesleylee@example.net,"949 Rice Summit Apt. 041
Erikamouth, HI 68967",2024-01-24
6418,Latasha Jackson,joannenorton@example.org,"457 Jerry Shoal
Lake Scottview, IA 75000",2021-11-20
6566,Jennifer Bowman,rasmussendeborah@example.com,"955 Julie Vista Apt. 207
Carsonmouth, MD 17060",2021-11-08
6784,Jose Donaldson,lmckay@example.net,"21688 Rodney Streets Apt. 803
South Kristine, RI 70817",2024-03-09
5697,Andrew Johns,hmorgan@example.org,"00639 Munoz Crossing
Port Aliciashire, MT 25137",2024-03-29
4439,Maxwell Guzman,aguirrejeanne@example.org,"026 Catherine Points Suite 108
Dudleyberg, IA 13396",2021-08-03
2849,Tara Hill,jimmybrandt@example.net,"USNV Sparks
FPO AE 89640",2022-10-03
6085,George Bowman,johnsonjames@example.com,"PSC 1050, Box 2488
APO AA 36100",2024-02-11
5631,Misty Hart,sandrews@example.com,"59448 Teresa Divide Suite 548
Port Zachary, ID 12058",2021-01-20
7305,Donald Reyes,davisandrea@example.org,"54369 Chapman Locks
North Erica, PW 48834",2022-08-31
3117,David Snyder,michaelcrawford@example.org,"38768 Bridges Port
West Katherine, NY 77614",2022-03-29
4912,Joanne Gardner,thomasross@example.com,"228 Travis Drives Apt. 703
New Joelton, TN 09200",2022-02-17
1041,David Mitchell,aschmidt@example.com,"689 Victoria Avenue Apt. 393
Michaeltown, ME 54898",2024-02-27
9321,Christina Lee,efreeman@example.org,"7137 Figueroa Via Suite 318
East Alexandermouth, NV 43682",2022-11-26
1343,Johnny Grant,scampos@example.org,"49147 Shannon Coves Apt. 634
Larsontown, MS 54591",2024-03-26
8229,Chelsea Garcia,tiffanywade@example.org,"677 Mark Point
South Taylor, RI 06250",2021-02-22
7167,Teresa Brown,paulbeck@example.com,"17766 Angela Run Suite 318
Port Nancy, AS 00526",2021-03-01
2582,Benjamin Hampton,isaac45@example.com,"263 Hill Mills Suite 015
Briantown, OR 96486",2024-04-13
2531,Melanie Tanner MD,heathertorres@example.com,"USNS Ortega
FPO AA 71985",2020-06-27
8112,Kenneth Nunez,fishermichael@example.com,"8566 Robinson Knoll Apt. 088
Harrisshire, OR 73491",2023-10-06
7100,Ronald Sandoval,megancook@example.org,"USS Vincent
FPO AE 72983",2022-10-23
9095,Robert Greene,jennifer21@example.org,"856 Shelton Lakes Suite 864
North Christopher, DC 28054",2022-09-19
8879,Roger Allen,stephen63@example.com,"33673 Elliott Parks
North Shelbyport, VT 34116",2023-06-20
7197,Sara Davis,glassamber@example.net,"6832 Cynthia Extensions Suite 209
Zavalaside, HI 08029",2020-10-12
2429,William Gibson,rlewis@example.com,"925 Hopkins Curve
Courtneymouth, NC 86220",2023-04-09
1964,Matthew Mills,lynnvalentine@example.com,"68073 Micheal Heights Suite 117
Bishopfurt, IN 48682",2021-06-09
5654,Derek Robinson,misty24@example.org,"4888 Jimenez Grove Suite 465
Sarahfort, AL 38333",2020-04-08
1440,Nicholas Price,alansmith@example.net,"56959 Ortiz Avenue
Ramireztown, DC 70598",2022-07-14
9567,Eduardo Jackson,joseph71@example.net,"8505 Douglas Glens
Goodmanland, SC 47908",2022-11-13
8509,Alexander Edwards,gina40@example.net,"USS Lester
FPO AA 78316",2020-12-02
2626,Tommy Miller,brandi77@example.com,"6771 Patrick Summit
Craigville, KY 27523",2023-11-21
6259,Dale Manning,frankpotts@example.net,"857 Kimberly Creek Apt. 555
North Christinaborough, OR 17154",2023-02-07
8648,Danielle Figueroa,brooksnicole@example.net,"93933 Simmons Village Apt. 313
Shawmouth, NV 32742",2021-04-21
2581,Timothy Cruz,lopezjason@example.com,"10647 David Turnpike Apt. 089
Stephenburgh, ID 76865",2023-05-14
7898,Patricia Bender,nicolekoch@example.com,"0560 Moore Hills Suite 801
Ginaton, OK 71215",2020-01-12
9429,Alexander Blanchard,davidjordan@example.org,"4028 Herrera Glens Suite 515
Beckerfurt, CO 80844",2021-05-20
6288,Jennifer Wilson,smithtaylor@example.com,"7603 Rowe View
Lake Nancy, IA 19208",2023-02-17
8351,Tim Dickerson,gonzalezreginald@example.org,"647 Sims Cape Suite 127
Victoriatown, FL 66747",2021-12-03
7652,Wanda King,mckeejennifer@example.org,"USCGC Evans
FPO AE 48765",2023-02-28
7222,Nicholas Lee,myersjacob@example.com,"Unit 7473 Box 2863
DPO AA 25169",2022-06-27
1094,Lori Scott,erinlarson@example.net,"3305 Haley Avenue
East Meaganfort, MP 90898",2023-11-15
6219,Shannon Jensen,williamperez@example.org,"92983 Michael Plaza Apt. 320
Jacobtown, HI 44683",2022-11-03
1932,Julie Cohen,rickyhoward@example.org,"391 Haley Turnpike Suite 681
North Michaelachester, MN 95778",2020-05-31
4816,Jacqueline Jones,carljones@example.org,"USCGC Chambers
FPO AP 88339",2024-04-23
3894,Larry Hamilton,courtneystevens@example.net,"962 Daniel Run Suite 332
Amyport, PW 75987",2023-06-28
4604,Whitney Harris,mark30@example.net,"319 Briana Gardens
Port Sarahberg, DC 26734",2020-07-25
4861,Toni Allen,twilson@example.org,"USS Smith
FPO AE 81673",2020-11-03
2973,David Gay,ygreen@example.net,"12050 Arnold Station
Williamshaven, AK 66300",2021-09-21
4050,Jennifer Mitchell,lambtammy@example.org,"4736 Duncan Land
North Jeremiah, UT 77588",2021-10-12
5504,Kathleen Garrett,bethdaniel@example.org,"082 Megan Pike
Lake Misty, ND 14549",2022-04-09
1024,Donald Olson,ryoung@example.com,"780 Green Motorway
New Jeffrey, OR 39509",2022-02-10
2914,Penny Moore,ann48@example.org,"13621 Vaughn Haven Suite 920
Lake Amanda, GA 82395",2022-09-13
6328,Jeremy Moss,patrick59@example.net,"USS Wright
FPO AA 32076",2023-05-12
1135,Diana Johnson,rmills@example.net,"USNV Mills
FPO AE 72358",2020-05-20
5029,Douglas Lopez,jacobhudson@example.net,"75657 Teresa Creek
Smithbury, NV 51351",2022-09-04
4701,Brian Allen,roachjacqueline@example.net,"11630 Wolf Viaduct
North Stevenstad, WA 36384",2021-06-11
3646,Kevin Johnson,whiteashley@example.com,"0628 Jacob Turnpike Apt. 418
Lake Melissaberg, NY 44161",2020-05-23
5219,Veronica Hamilton,ibell@example.net,"04012 Sergio Roads Apt. 778
West Denise, MP 51954",2023-05-01
8325,Samantha Branch,josedeleon@example.com,"998 Donald Station
South Yolandaberg, SC 33285",2021-06-19
3256,Timothy Collins,murphyhector@example.org,"1428 Hickman Stravenue Apt. 807
Samanthaport, MH 00832",2020-12-19
2797,Ryan Blanchard,brookeirwin@example.com,"77906 Knox Rest
New Mariaborough, NV 17445",2021-12-21
9878,Felicia Bradley,amy43@example.com,"Unit 1513 Box 6813
DPO AP 22810",2023-09-07
6358,Peter Goodwin,christurner@example.org,"779 West Shoal
Johnfort, NY 24351",2022-03-30
1944,Amy Higgins,anthonyrobinson@example.net,"USCGC Gonzalez
FPO AP 45352",2023-09-04
4782,Sherry Barnes,prattrobert@example.com,"685 Christensen Crossing
Maddenchester, IA 53540",2021-11-26
8787,Tonya Bolton,austincameron@example.org,"734 Alicia Ridge
Moorebury, PR 18980",2022-06-26
3398,Tiffany Sanders,pauljoanna@example.com,"00967 Williams Circle
Lake Heather, AZ 68415",2021-09-26
4423,Leslie Ward,jeremy66@example.net,"22172 Waters Islands
New Elizabethfurt, LA 44854",2021-05-01
9911,Robert Burton,tamarahenderson@example.com,"4493 Meghan Pass Suite 239
Kramerview, AS 76525",2021-08-07
4984,Kayla Benjamin,brett86@example.org,"USCGC Brown
FPO AA 16232",2023-09-02
8317,Elizabeth Holland,anna92@example.net,"898 Blackwell Passage Apt. 354
Wadeton, AZ 21010",2021-11-01
8250,Jennifer Myers,fordkrista@example.org,"574 Barber Burgs Apt. 285
Sanchezshire, MD 83990",2020-01-02
5445,Derek Bryan,pgarcia@example.org,"67896 Martin Fields
Marcusburgh, CO 29988",2022-11-28
7652,Sylvia Leonard,haleyvincent@example.org,"1109 Thomas Well
Port Brandon, OR 84931",2024-01-01
6663,Robert Fisher,bsandoval@example.com,"4767 Holmes Ways
East Jason, NE 78245",2023-04-02
3613,Aaron Cooper,sarahmcclure@example.org,"788 Barnes Plain Apt. 778
Deborahstad, IA 39297",2022-01-20
1150,Tammy Guerrero,luis71@example.com,"44721 Brown Station
Hoodshire, VI 04564",2023-10-15
4802,Brenda Bell,anthonyandrew@example.net,"9106 Kimberly Junction
Lake Christian, WA 37551",2021-04-15
5885,Joseph Jones,julie09@example.org,"Unit 6140 Box 6759
DPO AA 71853",2020-10-21
9596,Kevin Lucas,chart@example.org,"96445 Perez Mountain
Kellymouth, MH 74033",2022-03-16
9289,Theresa Butler,wphillips@example.net,"17654 Christian Key Apt. 295
Dannyhaven, PA 04698",2022-03-05
3171,Danielle Graham,jasonrollins@example.net,"49782 Perry Crest
New Kelly, CA 40587",2020-10-28
5628,Eric Smith,michelle29@example.com,"985 Rojas Mountain
Reynoldsland, VA 28429",2020-01-01
9549,Mark Lee,rparks@example.org,"974 Jason Circle Apt. 365
South Kimberlyhaven, GA 04730",2020-02-03
7999,Mary Andersen,djames@example.com,"9285 Hahn Bridge
Hooverchester, DC 56740",2023-03-22
2823,Julie Brown,clopez@example.com,"171 Danny Ridges Apt. 583
Dunnton, OK 37474",2021-02-25
5245,Jason Walsh,lstevens@example.org,"9754 Brian Fords
Melissaside, AK 44282",2021-04-27
8972,Sherri Moore,kenneth30@example.com,"31811 Hodge Throughway Suite 538
Williamsview, RI 25835",2023-03-25
5010,Michael Thompson,kristinwilson@example.com,"2275 Hunt Corners Suite 397
Jasonburgh, NE 07282",2021-01-19
3326,Erin Pugh,andrewpatton@example.com,"0531 Tracy Trail
North Nataliehaven, NV 11925",2023-06-23
1950,Chad Smith,brookecarter@example.net,"627 Archer Course Apt. 017
West Catherinebury, MS 72094",2022-05-14
5245,Frank Walker,ashleynelson@example.com,"424 Williams Plaza Suite 587
Triciabury, CO 79882",2021-11-14
3473,Erik Johnson,garrettweaver@example.com,"PSC 2625, Box 6738
APO AE 08352",2022-07-18
1984,Alexandra Rodriguez,gomezscott@example.org,"3207 Tonya Rue
East Megan, ME 72773",2020-06-15
1477,James Wright,robertsonjessica@example.net,"381 William Parks
Port Craig, HI 52063",2023-10-20
3560,Evelyn Taylor,patrickbowen@example.org,"2220 Megan Summit
South Cynthia, GU 41884",2024-03-07
1551,Jonathan Williams,marysimmons@example.net,"USS Owens
FPO AP 08974",2021-10-09
3031,Carolyn Lopez,umiller@example.net,"9010 Brown Rue Suite 742
Huntermouth, IL 85764",2024-04-28
1995,Christie Lopez,cbolton@example.com,"59336 Potter Row
Laurachester, CA 85793",2024-02-05
6830,William Hebert,douglasjordan@example.net,"5606 Ryan Unions
Ashleyburgh, MP 52880",2022-06-01
9209,Jasmine Spears,sandrabrown@example.net,"16599 Jamie Burgs Apt. 138
Port Erica, PW 60710",2023-11-19
5271,Shari Martin,tommy37@example.net,"2802 Jennifer Harbors Suite 130
Wallacefurt, WI 36589",2024-03-17
6958,Justin Ruiz,jimenezstephanie@example.net,"9298 White Station
South Timothyberg, DE 50388",2020-04-11
2921,Nathan Mendez,contrerasmegan@example.net,"18690 Christopher Highway
Port Luis, DC 35378",2023-11-11
3786,Kenneth Thornton,greenmelissa@example.net,"494 Andrea Coves Apt. 128
Nathanielshire, NE 58911",2022-02-11
9301,John Mcguire,sharon40@example.net,"9698 David Loaf Apt. 672
Lake Matthewberg, NY 31522",2020-06-18
4228,Brett Gray,edwardsangela@example.net,"6964 Andrade Rue Apt. 411
Lake Eddie, IN 15871",2021-11-01
3338,Sarah Garcia,jarviszachary@example.com,"8699 King Villages
Jacksonborough, IL 19349",2023-01-03
2605,Dan Clarke,jason33@example.net,"13069 Nicholas Cliff Suite 696
Alyssastad, NV 86015",2024-05-04
1188,Kyle Chandler,pyoung@example.com,"0629 Berry Road Apt. 791
Campbellside, TN 65122",2021-07-04
3021,William Martin,iroberts@example.com,"5472 Debra Station Apt. 202
Port Jeffrey, PA 91402",2024-04-10
3449,Brenda Anderson,igeorge@example.net,"800 Carroll Landing Suite 124
East Kimville, AL 61571",2023-09-09
9660,Tiffany Lee,diana47@example.net,"01001 Linda Roads
Dayhaven, SD 16394",2023-01-04
1959,William Lee,jasonowens@example.org,"7291 Karla Via
Nashton, CA 35440",2023-08-28
9873,Brenda Moon,pvega@example.net,"61850 Jacob Ridges
Angelaport, NJ 96262",2022-01-21
8784,Gregory Williams,zadams@example.org,"00305 Gomez Camp
Port Angelabury, SD 03915",2023-01-31
4887,Kimberly Obrien,douglashernandez@example.org,"1139 Tammy Point
New Kevin, MT 87899",2023-08-10
6822,Amber Mann,julia44@example.org,"72928 Kristin Glens Suite 147
Schneidermouth, KY 97560",2020-08-20
6400,Craig Stevenson,troy08@example.com,"71630 Dale Pine
New Charles, FM 24352",2022-12-16
3204,Stephen Graham,xburton@example.org,"97526 Duke Springs Suite 679
North Eric, MD 19744",2020-07-27
3825,Joanne Harrell,cardenasjeff@example.org,"Unit 9832 Box 1671
DPO AA 43184",2021-08-31
9353,Adam Shepherd,nicole47@example.org,"146 Rodgers Dale Suite 817
Lake Ambermouth, IN 24183",2023-05-21
7199,Jonathan Thompson,kimbyrd@example.com,"50652 Lang Causeway
Lake Tina, NM 42917",2022-07-02
2223,Miranda Hull,chad18@example.net,"75376 Julie Forest
South Robert, WA 90997",2021-08-13
6711,James Mack,eric56@example.com,"8000 Cassandra Camp
Spearsberg, AS 15112",2020-12-24
2806,Mrs. Susan Cunningham,sanderskelly@example.org,"7622 Aaron Shoals
East Kathleenport, KY 63485",2023-05-14
7121,Joshua Alvarez,gordonsamantha@example.com,"943 Benjamin Causeway Suite 109
South Sandra, AS 95029",2021-06-21
3893,Kristen Kim,jlopez@example.org,"759 Russell Trail Apt. 272
Pamelahaven, OR 61137",2023-05-18
8728,Tammy Holmes,jjones@example.com,"54830 Kimberly Stream
Lake Joshuaberg, NC 44532",2023-08-08
4872,Michele Wright,jackie70@example.net,"0245 Guzman Points Apt. 388
Lake Lisaberg, DC 08008",2023-11-25
3006,Erica Russell,nataliemurphy@example.net,"05951 Kennedy Run Suite 211
Blevinsberg, NM 74136",2024-06-07
3210,Tracy Davis,ricardo18@example.com,"1625 David Green
Lake Dustin, NM 82896",2021-12-14
2661,Jimmy Pierce,davisapril@example.com,"331 Case Dam
Barneshaven, WA 37702",2022-12-11
3024,Joanne Harrison,josephwarren@example.net,"18563 Jessica Trace
South Natashamouth, AS 17387",2021-09-23
8833,Danielle Gray,khicks@example.net,"6897 Neal Shores
Elizabethchester, TX 80469",2020-12-06
3555,Daniel Sutton,bruce85@example.net,"286 Kristin Trafficway
South Sara, WI 29173",2022-01-31
7795,Helen Lopez,nelsonjaime@example.org,"7090 Brady Village
Lopezstad, NJ 51409",2023-12-18
9402,Susan Harrell,wallerpatricia@example.net,"8658 Herman Falls
Hardyfort, SD 02033",2021-03-16
1703,Samuel Carrillo,jamesgrant@example.com,"088 Anderson Shores Apt. 553
Lake Lauraton, MT 75225",2022-06-25
5254,Eugene Taylor,allison97@example.org,"8465 Lee Square Apt. 906
Juliaborough, MO 07164",2024-04-27
6601,Heidi Suarez,stacey12@example.org,"88237 Victor Mountain
North Nancy, DE 69498",2021-06-12
5368,Michelle Mckay,everetttravis@example.org,"59924 Conley Pass Suite 153
Stevenhaven, AL 12803",2024-04-28
9931,James Pacheco,veronicaharris@example.net,"254 Lisa Overpass Apt. 444
Julialand, TN 36756",2024-02-21
6525,Jessica Aguilar,cdavis@example.org,"764 Strong Extensions Apt. 731
Jenkinsfort, MA 76281",2021-08-01
7904,Cassandra Wilson,garciacaleb@example.com,"962 Anderson Alley
Bryanshire, KS 44285",2021-07-05
1183,Nicole Martin,brandipark@example.com,"6706 Nelson Trace
East Mariaview, AS 72401",2021-07-29
6767,Dennis Robinson,sbowers@example.net,"758 Christine Turnpike
East Dawn, PA 88062",2023-03-21
1994,Linda Ward,carolyn71@example.com,"115 Johnson Place
Jasonville, TX 09829",2021-10-02
5257,Keith Reyes,dorothyschroeder@example.org,"574 Palmer Hill Apt. 451
East Stanley, CA 22063",2023-02-04
3165,Francisco Brown,monicajones@example.com,"57139 Stephanie Shores Apt. 993
South Morganburgh, DE 41410",2021-11-19
8561,Jeremy Williams V,jacobbarrett@example.com,"PSC 7317, Box 8011
APO AA 07825",2023-09-14
5980,Jessica Alexander,rcohen@example.net,"97509 Tina Mission
Andersonton, AK 94132",2023-09-27
9162,Martin White,achristensen@example.org,"0074 Robert Forks
Lake Janice, AL 70742",2024-03-20
