product_id,name,category,price,stock_quantity
943185f2-86a3-4a85-a506-fa96057bc6d9,little,almost,99.89,38
185d836e-9357-4c09-9ef7-40be75e2304e,tough,close,96.64,89
bd36f67a-6b43-4cbd-9a67-bf913fa74af6,program,fly,39.78,75
89c99017-b867-4843-b83e-3b8e9a908275,similar,at,51.23,61
355662c8-19e6-4efc-a581-b7a397705fd7,born,for,12.64,43
c92e62b4-41d1-489b-a7bf-6e0469ef6cdd,born,do,55.82,100
2edf234e-b7fa-47a4-b14b-3d2a36e09651,any,financial,64.52,65
84d60985-f07a-4d66-8edb-ad9a2cc66d32,lot,many,18.01,27
1e033319-47d2-4e02-9622-a4918950ac35,time,call,93.92,78
8b696c80-39e9-4602-91a0-8ac5825c6874,three,author,37.47,40
39eb42e4-1717-4d3a-945d-9d00e3a88568,all,animal,46.36,52
00fd2502-ac07-4deb-b12e-e3a99a514ec4,bit,manage,50.74,45
2595ffb4-7378-4948-82b7-4e80a0e076a0,scientist,read,16.31,68
5fbc5fec-8891-48bf-b12d-915226bb1326,tough,consider,26.52,74
94c450c2-4bf1-45e6-bbcb-d6210255e1b8,treat,prevent,71.4,35
3b922130-3345-446d-b744-98e2a98da93e,while,character,72.75,50
5898bbc9-b421-4de4-8c08-5bd0a3be1c5d,federal,specific,82.46,27
af24e46d-b2a3-48f2-867d-24ae59d60ec2,himself,protect,60.36,22
452b2667-e4ad-427a-8a55-42a983aaee47,low,security,89.76,60
2612ed37-3e03-4e16-b85f-9968cb6b504f,on,political,35.44,87
dc11ed2e-40bb-4c1b-8d52-549a1532a3be,travel,produce,83.55,14
51c210d7-144b-4b59-9b2f-795a78636a2e,call,end,48.69,42
80a541ff-2ea8-40c8-babd-2a472803ac80,fund,painting,22.4,2
fc610d91-bd73-4057-81d6-c62cd42b9914,daughter,education,76.02,15
76ab530e-1f40-4c8f-97d3-d34706af0c13,trip,father,98.45,22
26466f02-2862-4a23-9a6d-52e302abf2a8,administration,yet,35.51,38
cfae0826-b255-4bbc-a9c8-c275a333a73b,some,responsibility,88.82,37
8da81a32-2c91-4727-956d-60d20da96865,summer,near,55.26,41
b21cc9d7-7107-43a8-b30e-20f1649748aa,rise,hope,46.84,25
60432529-6620-487f-a705-67eadf3ca270,husband,success,58.4,58
d5f46944-0aac-417b-b6d2-506b41c27b76,forget,mission,86.31,41
74e0af00-89d6-4282-8a04-1fb55558862b,pretty,building,84.9,36
76682ad8-be02-48c7-afe9-f9226c405f62,plant,improve,15.84,13
8fb0e070-693c-47c7-b653-0d09418cd48d,own,everybody,81.5,72
83bb7d82-c242-497c-8d33-0dea8914e23c,keep,real,95.36,13
47ead14b-a5e7-40d8-9583-a53f4ce8471f,government,lawyer,57.78,15
043a1d4f-608e-4b7c-b67f-d74d74276966,court,describe,53.38,73
193005a6-a7fa-41ed-85b2-48310bcf0d7c,career,make,45.71,37
8ece48ba-1e67-4c10-8254-56df84d44b28,take,operation,24.0,76
53989888-f9cc-4574-9bc4-854299b00072,need,white,20.9,26
653a1e98-767a-4d96-8f46-a23ab41c34dc,difficult,clearly,93.35,17
c74efaa4-9154-4e1e-a2cd-62a58f36b0f3,free,consumer,12.33,81
9973f836-9715-438c-a356-172e7e068a94,risk,plan,71.73,89
2c87f184-975c-49fe-9985-660225756581,sister,task,76.29,52
5bf8dab9-cef9-4fad-bb2b-85b8b8324237,benefit,style,76.09,2
93d3cc07-a5ff-4799-a307-08d985e01cf8,say,forward,15.09,3
7368b8bb-6bc8-4c8f-97e4-10c3d74e7a83,never,heart,89.1,67
2748b46a-5721-4f91-ba07-c2dec3b39c7e,family,wall,14.08,38
c5a76f24-caa2-4e44-bf63-490b20085048,character,watch,93.17,75
a4a38228-1a43-4ec7-a579-a9b33bf46a41,group,culture,92.69,62
7a1725c8-c8e9-41fc-9fcc-e53afb940d43,writer,third,64.37,49
af5463af-8f70-4361-82c4-afb569d78666,management,such,11.37,66
e21a7414-6ef2-47ae-ad5f-5397d498e64c,organization,beat,52.48,16
981f0ac4-b15a-4660-a94e-9d81a0b72a1b,candidate,keep,81.0,10
5c07ca48-3ee4-4134-b1ff-edde789731ba,service,pressure,15.64,22
af837947-f12d-48bb-a5ac-63e79084eabf,voice,family,61.21,88
5b64f12d-13dd-486a-a9e7-51fb28b72aef,century,tree,11.48,15
ad9f0322-4d82-4c72-bfe6-3a6c21bc647e,ground,food,41.39,63
5ea4ef28-4b4f-48a1-87e3-20767bee3394,speak,half,88.03,75
49b3df66-0579-492a-974e-b098b24a15e5,than,dinner,56.92,99
5a8044a5-e311-4e19-a20f-5292bed2fd42,great,important,36.61,19
f45be229-6a25-4a29-8def-6cb4833df692,day,total,38.19,9
ff428b08-9ce9-4bf6-9c36-456b84f0da64,town,stuff,65.57,93
196734d5-af72-4a32-9a4d-cf0a43aac4f1,minute,student,35.74,66
3c311c3b-311f-4586-b048-8a455bb5d07f,close,size,63.24,8
d4ca6046-d552-4e3b-a170-dbe0013d9cc0,up,product,57.87,81
565d517a-821e-479a-a7c8-4f64e91f0b4e,usually,democratic,71.0,78
f84a52a7-5127-4ff3-a35d-ba93c97bad2d,source,popular,83.36,98
db61dd5d-4313-449a-ba78-5117bb29ae13,I,authority,49.62,77
095013ab-7c53-4951-9229-8af77fc2dcb4,alone,nature,84.36,93
87e084bc-070b-4758-af99-12f622942dbe,oil,order,30.55,95
25753836-4d21-4c56-8ca2-bddc10e5676a,idea,whether,56.56,34
d9e57244-483d-4025-9b8d-76ad28934e1b,discussion,democratic,21.21,20
79e50929-1c5f-4955-9c5a-78385dab3c88,decide,sign,25.03,67
ff4b9d3a-4ca7-4cf1-b150-68844d61bb3b,rich,garden,39.65,24
3584b451-fcbd-4e71-a41a-b6c818d8b019,threat,other,99.34,35
8eb6801b-d096-4afb-98d1-dc24a3f51a5f,so,color,23.35,99
60162ddf-05fd-4a63-9d1f-064869ccfa54,green,store,55.4,76
e5d25998-2382-41e0-a970-b474b97b5ad8,such,at,69.05,79
d9f285db-eb91-4884-9d5a-abf60094e93a,certainly,but,58.62,64
3efeb6e7-4c1c-4fa7-ade5-6ef659205471,evidence,whether,51.66,14
f5208f73-7e65-4b19-beea-3f8108cde85c,the,own,26.35,74
612fef8f-9311-4fd7-9e1d-0ec4a2bddaa2,concern,discuss,39.78,53
6d723db4-b287-467e-b4c0-d26f64fb605d,wall,magazine,34.79,40
8ed7f45b-4b7e-404f-95f1-f15abd8bcabd,eat,person,95.9,98
cf772e15-ac75-4af5-a9c4-88f3fdddb183,talk,herself,31.36,45
8a7bb8fe-e61d-4f41-8199-8f7f7b0fab4f,sit,name,66.36,37
2143255d-5bac-48f5-9b44-af31db1af5e1,soon,north,77.53,76
4a6129d9-5dfd-42db-86f2-cc0b06906c15,point,chance,68.62,59
e23954ad-3258-4dbe-b422-516b58f9e0e6,sound,base,54.9,39
91cf33df-3500-4871-842e-5ffec2288a34,machine,say,70.71,5
1e34b1c9-4d0e-4fae-a4a7-97dc8296afe3,trip,well,19.72,58
9a663286-f713-4172-a34f-9d4c209ee807,body,great,21.47,86
4359b7fb-b249-432e-a329-68d3c39eaac0,early,tend,38.43,49
71d57565-167e-463f-a274-ce540e5ff388,dark,financial,72.34,83
b0e6fb48-37af-45ca-91e2-0dfa5acdea33,word,key,74.71,42
fdc6f187-ed65-4aee-bce0-bb3d31498e9d,already,owner,81.93,6
3659e0a6-0069-412b-b163-d4f955c7637a,thought,effort,38.84,69
e4e1920f-b924-4f74-bcc7-70bb544e8e50,situation,discussion,62.33,36
94411df1-c0c0-41a2-9d9b-23c52ede0238,coach,while,96.98,52
2528e921-3042-43c3-8af7-dfa50b05d94b,start,senior,14.9,62
b467c719-d4bf-4bea-881c-bbc798e448f4,add,anything,96.57,34
a327da7f-3336-4f1f-b519-f675e10a2ae3,yes,pass,77.29,57
cfdbdf60-00f1-4c14-8baa-1830ee2dc47a,also,dog,16.0,33
f993eed3-62fb-443c-9223-280d8e321066,learn,only,24.13,9
c26b9109-4224-432e-a42d-5b985709c3d5,produce,whole,77.88,87
401902d8-da52-49b9-8f4a-b4a225ba5742,year,where,30.01,82
9b6b22e6-08b2-4c55-b2d4-d672a0e6d535,approach,indicate,21.5,70
66225054-6928-4530-88a1-d9e72007a63f,street,response,45.5,13
a05be594-e6ac-43b1-8f17-6eb8741ddd50,long,discussion,30.0,10
9ddcb37f-4d6f-48c6-8786-d713f257036e,have,manager,94.99,18
e7743e55-0d06-4125-9bb9-df4ae9cbaef6,drive,career,31.97,54
3df32d4c-9de8-41d8-a4b3-48d179720041,choice,pattern,14.3,86
bb4fd3d5-930e-4a4a-acb3-ea8659574ff6,yes,pull,28.04,97
a03add83-a578-4469-ab46-27e576d60090,summer,officer,28.87,17
f0608b9a-3b89-4095-9268-a22904a5c4ab,while,sign,35.64,5
ab191028-fee1-4301-ab96-6d3cdb5453ec,court,size,71.25,76
9ca43f41-4b5e-412d-ae16-d5d015060b53,hold,activity,62.51,1
c57f89fd-50f8-4224-9be9-7a25bfc1acfc,resource,reach,74.36,74
313238a0-4151-4669-befa-9a71966711a6,pull,religious,19.48,75
73afdc72-45c1-474b-a7d6-86c396560ee8,everybody,Republican,42.62,27
bb8f3e82-4fab-4e6c-82a4-bdd189fb7c9c,soldier,college,93.97,84
abfcec65-d243-40ca-966d-3f658e377f79,among,whether,19.48,44
56ad89d5-278f-40c1-bbb1-6170be3bd19a,realize,majority,57.11,42
367d0853-3f62-487f-be55-44a011338d30,main,everybody,40.11,13
83d2a2cf-3daa-4b9a-a7ff-4f4cf100ac2c,section,gun,13.08,72
7876ec64-a269-41ac-a75a-efd4524d3ace,Republican,reveal,85.55,89
14f41049-6f3d-4080-b923-2e113fdf6f57,voice,address,81.28,53
006dd373-ac26-456d-9096-6a8ab91da426,over,create,33.07,90
105e295e-e675-4c42-88d7-382e831dea6e,fear,rich,24.16,61
92a0f87d-3bbb-4533-bf3b-faba46f6ea34,move,system,61.11,44
4b77b215-4c3e-4b79-b641-8dbf9c8aa206,type,employee,22.15,73
924a050c-d7db-4d83-9f37-7285d04f9c69,throw,reality,52.3,71
606da3de-0e68-4e58-a344-cd7881f48e0b,ok,sea,23.52,80
64535931-1d33-4917-98dd-4f066ae2fc75,TV,ask,11.14,24
89ca83c9-27b2-4d1d-9ae4-17a6e5ebd412,other,politics,88.46,25
80a7943b-d666-4c2a-98bc-6eda5198a34d,civil,social,12.45,3
74f8a573-10f6-4574-92c8-c36f506efe7f,against,capital,66.15,71
8d9ad671-70fa-4a5c-8080-82a5580c533b,conference,prevent,27.39,96
839f0c62-0f88-4fc0-a381-9fcd3eac0f51,choose,necessary,29.99,94
51f210f0-b376-42c5-acd5-cb22e5ef2987,over,spend,27.28,59
e3e46b54-fb2d-4e6a-91cf-663ce569abe1,role,low,97.33,75
be7586fb-ff7b-4b1b-8670-826a2e2be4a4,participant,life,17.07,83
6a3f0d93-75a2-46f8-921c-734b2de09c4c,hear,foot,91.36,60
3f8db9aa-0c7d-4b6b-aef4-6ec6cb72f511,rather,thought,55.17,90
88d1218a-a78f-42fc-a653-fe5b65004732,although,common,83.22,46
b1521b0b-3a05-4a24-80a8-0b274f8e3c9a,meeting,particularly,11.58,15
790df0ed-753a-446e-a060-c4e6e504759d,surface,continue,44.62,38
06db3b9a-2e33-4a84-9c18-faceb14bc563,now,on,23.74,82
88971525-2d6d-446c-96f3-166aee0dad44,senior,agent,21.9,62
6127106c-02c1-4b11-8202-75a345fe9008,court,perhaps,17.83,17
b843988f-ae4e-455d-a37c-31040a60b82f,read,stuff,16.8,33
7b9e7ed2-4efd-49ac-aec8-ac5929b1a30c,relate,our,56.12,43
5c30a3d4-c608-45cf-8f81-fd0351d04d79,especially,magazine,79.41,80
e4364e08-6b5d-4d66-b4a4-db204668488c,approach,decade,68.09,22
2e353e90-9b2e-4ff9-b2a5-71c85e943475,exactly,woman,42.44,48
1fc9da12-b75a-47cc-9781-1164bccf667d,tell,process,56.31,61
4f4a30d6-98a9-4035-a085-786c796bd7e6,case,perhaps,68.53,24
ded6027f-a816-41c0-a34c-f477f2d5dca1,dark,positive,86.12,80
c4743c18-ce5f-4db9-98af-3aa16364ea87,theory,town,73.69,66
285247cf-b083-476b-b046-1c2b8e30ebda,tonight,commercial,75.57,7
4a48622d-91a3-4970-be79-de5104dfc596,measure,Mrs,74.38,5
8e3a697e-4852-4ff5-b273-38d710895aa0,food,somebody,70.51,54
81eb09ff-06ec-41e9-95ca-40016dc84d8b,magazine,tough,39.04,57
02afd2ac-e426-4d49-9b4d-ac12f4f1908e,century,collection,83.06,73
81c802db-99a1-4329-a9e7-b254d5c03599,from,idea,12.94,4
7dae812f-f7eb-4336-9357-df071ec21435,attorney,red,57.45,91
85820711-0c3a-4bf6-87ef-48aaa96ee06f,outside,word,28.87,47
f04ce246-4fac-4939-8bd6-a9d8a3285a4f,finally,we,16.74,15
2e5efacf-b318-4e97-937d-d549ad41757e,option,head,12.41,11
6fe8a7ac-514a-43e6-9876-2aa4eedcac62,speech,finally,58.06,65
f410f714-b16c-4b25-b975-b09bfc47275c,study,assume,16.12,12
d2535feb-4299-4b75-8036-0cfaa7144609,political,change,49.83,40
5d01490e-28c8-42dc-8975-56a15fac2007,despite,my,31.78,42
ca9be823-48e4-4e32-9157-74b2c75d6c0c,program,member,66.36,5
6d24b6aa-9104-4909-a10f-a2fe3395a72d,plan,friend,13.13,92
8ac81cdc-a622-4920-ac58-cb812ec62739,bill,thing,23.71,51
eaa5ca35-6ec6-4dd8-8497-21702390d898,direction,nice,35.39,76
11f649d9-8aa6-4bc3-b087-1bdc2ccbabe0,in,season,78.26,26
5195dd1b-3b0a-4fc5-a80c-24604acef009,throughout,form,47.9,94
a4ec60e9-17e9-4d02-85e7-d194921ed41c,summer,figure,46.52,22
c8a82e1e-27cd-4f86-a54e-32c3e2a26f01,child,life,30.6,52
8af71d06-f31f-4772-8110-823ea0f2a3a3,my,able,21.7,33
5c87fcc9-f89a-4011-8747-cd03363398ad,community,few,78.13,64
858711ba-17fd-4bb0-a096-468a24fcbb4c,personal,meeting,59.64,86
e79ecf73-0352-4613-a98a-3a6edd3e8a74,stage,something,13.38,7
6f16d721-a0b1-4ccc-9551-f01b169ebb7a,together,quickly,52.63,50
efead987-a2cb-40c7-b578-ba3adef0b4b3,though,staff,97.97,57
c26bccb8-e7c3-47a7-af47-629c260e1ce8,would,finally,97.75,12
b39a6e52-e066-4ee9-a45c-68b8f6a89b8f,north,garden,71.53,86
0b6b7fdb-0ea4-4b6e-b081-d449c706e368,course,so,17.3,76
f9eee6ac-d350-418f-bbf6-1bc70a90461d,improve,project,30.22,76
ee5560a4-46e0-40a7-97f6-cc885d8d85d8,study,try,20.22,20
72cd42a6-662e-4813-bc8c-1092302096d9,cause,sometimes,32.61,61
1e0749b9-b22f-4d8a-8135-5fc46e89f347,letter,indeed,85.42,80
4d120990-da28-4a46-a93b-9b7d6002d547,rich,firm,52.14,18
ff90a226-352f-4812-b58e-68797268e7d8,animal,decision,69.45,54
6459187b-9778-436b-86a4-8ba40eef730c,decision,realize,11.1,7
668a7719-9cf5-4cf7-8439-4a0760ca732c,soon,mission,46.24,53
707859c2-155b-48c8-a5aa-d5458a16507a,right,necessary,52.14,74
49051ef1-1ec9-4021-b756-758a16b568b7,commercial,to,92.41,73
fc4a45b9-8255-429b-bb0e-e1d9989ad319,station,assume,74.13,80
9b48b73e-3ce6-46c2-81f7-8f1433d50f63,very,water,75.37,72
df6e233d-c29f-4d2d-a349-b2ff88a008fe,class,sign,60.49,12
375e7e55-e085-47f1-935d-a46e226069d1,hospital,star,29.17,27
7d644be6-869d-4cff-b8d2-0e55abbf1dc6,game,order,74.55,78
2d7448cc-173b-46b7-96a2-9b48ff16e3d0,prepare,goal,21.4,96
e530f24d-8530-41a3-88c0-c9c81c48f44d,dream,single,48.92,53
44147c51-2c31-46d9-a97a-0eab8acea225,southern,spend,11.93,48
617131a7-053c-4464-bfc5-8898d54a1550,something,difference,80.18,81
969fa3ad-eeca-47c7-ac7c-c29f2f138f40,language,arm,90.67,97
f3ef34c1-343d-4b6e-8b82-33d10c419de8,property,wife,98.03,69
29a97b70-1920-4ab0-a188-b7622cb641cd,least,together,47.02,42
bc505ff9-7ad2-42b3-b691-07248dad4220,of,democratic,73.36,26
10beab7b-0021-4e90-aab8-3566e1a0fef7,pattern,indeed,78.07,72
eaee3557-2414-4f8b-b1e3-f4f17e5bbdc6,politics,whole,82.91,37
eb0bdcb6-c5b4-4fa6-bc33-a7d430761114,part,kid,83.59,83
c7d3fcb2-9619-43d7-a722-2f4872feb6a4,green,dream,38.76,31
773fb498-427c-4d24-9de7-074ad5aab8b3,the,tell,13.03,69
ce9eb3ca-6843-4c7a-b4d4-6d165184ba16,occur,official,58.52,75
5c1ef328-4de0-4c8a-a034-0d5200c517ce,among,operation,75.04,28
0df4d5ca-d02e-423e-bacc-8b0f2100fa34,left,sing,37.84,41
f0782775-8494-455a-872f-d10f355d371b,program,billion,74.45,3
f4917c81-d442-469f-9fae-d21fad7eb211,decide,yet,56.75,31
c0c33e4a-4f6b-41c2-92fd-707a4fa62502,less,spend,91.67,92
50def2d6-ddd6-4ca1-bbb6-4a9026e97c8b,pay,themselves,63.58,37
46e7680f-c922-4646-b158-b160bc79ec83,young,purpose,80.54,81
33aaa841-2aa4-4ef8-a9e1-b0854ba91a56,indicate,student,18.17,82
0cd49936-5438-4f76-987a-abea7f684aca,nice,themselves,81.34,60
20390fb6-ed02-44f9-90fb-466f50e2e80b,rise,maintain,82.96,55
bd519a95-4be4-443f-ab37-b06320fceb70,run,order,51.02,59
03d43ed0-c893-41a9-bb96-214f2a71c515,successful,move,88.46,64
be53a2b3-67ea-4a4d-a48d-a669a56cb579,again,subject,23.32,96
2efdcb7d-ac7c-4884-8598-1e48b025e304,leg,discussion,35.17,100
3bcb3db7-56b4-402a-8371-91a2368bf8a0,able,hair,88.49,77
a37aefcf-d5af-4e47-ac3f-ab5bb40ebe2c,country,large,90.66,56
b6983795-dd9f-417e-8788-b45ddfde38bc,officer,American,90.63,59
15044ec8-46f6-4dd3-b126-c876bb8b8e12,message,hospital,53.69,80
d41b7309-099d-4b83-834e-27feb8ebb6d7,civil,food,97.73,69
9af1b980-28a1-4af3-aa24-ee2cdec32023,perform,son,96.96,19
cd38b11c-346f-453f-bbc8-3bb9be17ac02,reason,score,64.35,5
52e0e03d-e8c7-496c-9705-ff8c59436115,room,day,18.14,84
7ba2393b-2bd8-4569-923d-9ffd58403cd6,section,production,80.51,77
a8b31845-09ed-45d9-941f-e03869806b9e,country,memory,61.33,75
27aaa450-dfd2-4106-8e46-67cb90637df7,produce,piece,39.32,13
8047df53-9b33-425c-9d64-ff7cbed59dfe,travel,security,23.74,43
5c3a847d-e36d-4f25-8c61-db626f224d2a,small,product,80.94,91
05da02c3-9dfa-4cf8-b0cb-b98783e63c1a,force,pull,35.58,44
8c67401b-bc1f-4937-8961-dfd9c95a2e68,smile,shake,85.85,67
0e3c20e8-4595-4096-b4bd-fd96eaa58222,whom,read,48.72,6
4d91154b-01ce-49a8-a984-0323e5977070,test,discover,68.08,35
fbbb34aa-81d7-4928-987f-c44faef6b4dc,those,top,78.55,2
27adf96c-1838-4993-b76a-567dc7896832,always,foot,87.46,62
2672e919-af99-4c3c-ad5a-b2481ce8d46c,activity,behavior,45.87,8
70c6777c-6f66-4d0f-8796-7b26b52b696c,majority,country,44.75,22
aa095074-9fbe-494f-bb71-f3d14772568e,billion,character,64.51,21
3fd77aa2-43d2-4a4c-8586-e83c4bec7868,school,behind,31.29,52
d6f3b50a-ec89-446e-9825-c7d2f042ae4e,maintain,parent,87.06,24
78ac1bb5-8010-4da4-8c17-18dac1456417,church,magazine,58.98,87
d1abb79f-5826-4feb-b327-c1377d1a2edc,west,information,39.13,40
634d3955-0f1c-45fe-8338-42e2932fb464,reason,trade,91.37,71
4d8eff30-614f-4caf-9127-5dbfa3d25c51,always,when,87.76,54
8b346160-bec1-4767-90f0-b7102dea259a,bring,wrong,46.98,74
f00fcddb-daba-4f1f-8ec1-614c8ec2d003,education,institution,71.57,22
b22f69b1-3678-4a6f-8427-b1c6c9021758,need,tonight,49.8,56
4480112c-a54b-4c54-91a1-f51545d01f27,behavior,up,95.95,87
8388aeee-df91-40cd-be1c-3d38f3f806bc,number,at,66.86,23
52c71fa6-5b05-4eef-acc7-6273e6a267b4,bill,expert,12.5,80
be0880ea-bd5d-4489-9058-0171e07817b3,reduce,spring,99.02,47
0fab9bdd-10fb-4e94-81cc-17645e70fd70,own,student,51.74,55
3d7c19aa-90e7-4235-9826-a0b879dc6a71,evidence,allow,14.13,30
6b1992bc-b61f-4a1f-bc28-743ae212f9bd,can,anyone,36.53,70
2f1d976c-ffc9-4695-b73a-95dae5ee7660,establish,anything,83.81,63
1e051249-55cd-4b66-831b-aa515a8b1e88,them,action,17.51,70
56b8ac1c-487a-49ee-a5e9-714066ff78f4,appear,party,70.6,83
1117811a-1ae5-42dc-bc2d-3d2f22666e17,while,list,11.5,47
83b3ddf5-93f6-42e8-9982-0e1e3cc8eb3e,fine,loss,81.38,5
bae2e879-c803-4234-9382-dad6eea5f021,show,material,77.91,89
03f3618c-ea1b-4387-9649-6fdb648bf44a,speech,couple,75.8,27
fc53a843-2675-431d-80d5-d0619ed9dcbc,maintain,music,57.85,6
65fb307b-6169-4c54-8c8c-0401bbfdf792,year,sign,38.41,87
186d81b4-2104-4b08-a770-751b41a1db8f,some,clear,15.76,18
76eccec6-b70c-4680-b0c7-591da794f3e0,development,between,39.53,46
8432eeb2-67bc-48bf-ab24-6b074c92db99,even,black,43.03,97
f27aa467-1b47-40a4-b2bb-a10bc0926aa2,ability,officer,60.6,27
1447c343-e8d4-44b7-9a43-db2cb93e561e,simple,your,49.01,51
e101cd8d-c23f-482b-a84a-19556e9ade37,number,also,92.85,9
f86e4e87-9f89-4973-81ec-f2a61fe6a201,work,than,14.79,52
4bf41208-3e05-4747-8617-4c4abcbe71dc,television,fine,49.08,41
0f6181b6-5f28-46e9-89f7-41659b4c2c51,become,a,38.62,74
962a8432-c673-4370-9960-ce214d81bf0a,compare,tough,48.97,38
165a1678-ab58-4bb3-998d-541f02061ae1,professor,he,81.96,48
f6a9a250-d3a8-4bf6-bbaa-a7ffc5d33cfc,sea,bit,81.9,98
98496f9b-50b5-4cf8-bc7c-235a26884483,method,pass,45.67,94
761326fb-3d83-4cb0-abba-5d5af4528198,recognize,need,54.88,58
e95c1658-fd02-41fa-b3e2-94bcbc7387b5,speak,contain,68.05,99
39e82a23-4e11-4591-9f13-41c084f870b2,become,already,63.44,40
527595e3-4151-4d5f-9edb-317603d8af12,city,must,22.88,29
c3b06226-0253-447f-aa26-2ecdee817065,interest,edge,78.86,63
abd9603b-9143-4a42-894f-b6b25a6618d8,including,long,66.41,41
aa350d8c-64de-4558-8e72-b732997f5db6,sell,dog,52.09,16
cda8d58e-fb48-4abd-82ea-0aa8e2ba68b1,year,phone,31.31,19
06ba5448-ac27-4c8f-952c-ec5a296e225c,score,produce,77.17,82
dc961fe8-d1f6-4b9a-94b1-a81f6b1e8efa,society,individual,14.06,87
87fa6541-40d5-47c8-b0b2-4d19bd6c0c0a,market,already,41.97,46
1d66c1d1-5b44-4b01-a21e-7df1575c5e91,what,long,85.84,24
b2e34e16-1ad9-40ef-b2a6-bb4385cd2063,summer,leg,28.69,1
7a9e4156-0dc1-4e71-a09e-d2a020bb3fae,office,national,49.77,29
cf0fee6f-e16c-4484-8633-dd5e226ce05f,town,physical,56.27,50
5d9bf49f-8e28-4e4e-a56d-c0ce8c8d4492,beautiful,finish,71.52,24
0d96e7e0-8fae-4c19-8d05-6d48b64b6d2b,police,picture,27.24,52
49112a2c-7af7-44fc-8db8-e9a0fbc02523,data,most,22.99,70
877e0b9c-316d-44e0-915e-53954fb40fbf,bit,would,21.63,29
68d038a7-e312-4764-ad6f-42ad1cf73ec8,strategy,recent,52.84,65
56a173c5-5c43-4e1c-9dc3-712085db8459,before,rule,30.18,96
cb5c9ca7-5560-4494-bb65-edf4ec8af541,stop,wonder,82.46,57
9d354fb3-c993-42c3-96e5-15e75a3a5f1e,why,debate,66.97,2
9b55a827-fffb-4e00-b082-27b22c525a14,score,weight,34.19,29
48e97c94-c423-443f-b8b0-d05df01aaf8b,college,leader,64.68,35
25147232-30ee-4573-b4bf-7ebfcc41bd67,suffer,billion,19.26,32
6b2d73c4-6bd0-44af-a4ec-890386b01a84,probably,white,64.86,61
71a3c65a-6918-43b2-94a5-0395fcace335,without,become,60.12,54
648116b0-46b9-4ac2-9cc2-5516c5dcf902,point,project,11.76,83
6f769691-ace7-4779-a1d7-2bcdeb823e5e,important,behavior,52.05,79
afb7cd52-0f30-44a5-a699-5148f5e066bf,all,red,97.57,76
f78105f1-5a9a-4eb1-b845-615a3d5f61b2,feel,technology,92.59,14
8b7c712e-33b5-4e26-aea7-4d7ee14ac3cc,score,way,78.64,13
ef37172e-4fd8-4e1d-ac3a-53d96b1d9ed9,may,spring,93.5,20
4e8d06c0-396a-45ab-93e2-81768c4e50dd,concern,ready,84.09,13
994ade86-d1fe-4912-b0df-6b00529a3541,far,thus,24.24,47
e2363c8c-48a8-4dde-a009-226f7ed06543,move,idea,78.53,81
62431dbc-c509-4987-b194-2e003fa3f6a8,computer,defense,84.29,25
45d965f9-810a-4bab-851a-05f625359281,professional,view,78.26,98
41d9c0d0-f4cc-42f6-8a63-4a1e62b249b9,expert,recognize,84.75,12
fb5f37e5-46dc-40eb-a478-05f782c0c98c,drug,space,91.59,59
99fd4fdc-e342-46a1-a24a-2688bacd164d,under,respond,78.6,85
19dd0f4d-5059-480a-827a-26517121d47d,baby,interest,99.05,1
c327247c-5e05-4ee4-b156-59ea578072be,property,everybody,37.54,29
b048d5fc-fb07-4898-9ff5-158b4ac67504,account,adult,81.53,68
5de22106-0857-4794-96da-7cbfa0ea6b37,carry,throughout,89.44,83
ce936a2d-ad60-4a05-9ffd-5c9a77bb0dba,property,why,29.1,88
41a8ecd2-4002-47c9-aea6-81630d72045a,scientist,too,37.95,31
701c05b5-fba2-4f7d-9a3a-711667fb773d,forward,newspaper,96.42,18
b43a33bc-7a38-40a3-82ff-a48f4901d344,act,or,39.77,28
713db098-98ca-47a7-874f-e6f9831e7f68,environmental,have,18.25,8
81fd42e2-de38-4345-b6bd-5f0073fb7eed,including,type,12.26,3
41857d2b-44ed-4cc8-ae10-c4c3c592c62b,car,water,87.06,46
0178a5d5-518a-4696-889b-f13f654a0c4b,window,operation,27.16,92
aff6a496-6743-40f3-a023-028a75cf4fd6,plant,benefit,99.14,18
6768d22b-10e5-4662-a0e9-7bec36ec4ac4,window,decision,93.22,12
55664fcd-24a8-4707-9881-7dfb857ab6e1,hope,instead,60.13,80
b23a472b-047f-46bd-b462-93d4fddf3e3d,person,important,42.11,5
0d0b0229-3eaa-447c-a0f7-fa1c499aee4b,race,whatever,64.12,65
7b9a636f-6e9b-4058-bb6f-aad6a0477478,piece,poor,91.79,87
585a2014-3432-4bb9-9908-796cdc771690,address,realize,31.5,13
7c424484-40f0-4192-b3b5-cd53fb4da9d8,green,than,99.75,39
31d2fa14-2f1c-4af7-8669-08b022a331f0,different,toward,51.77,78
6d052e9e-15f3-4ba0-b950-839a4df83903,home,cut,40.03,74
695145ea-b123-4fd4-b7b1-ee04c4765422,official,animal,62.24,96
146398b7-3d7c-4bca-b00c-e8ace98378ff,spend,may,15.17,10
1a6f9677-da4f-4ae8-9a17-5f69f5739d1e,laugh,put,34.63,35
7b689e89-c35e-411b-a5de-113e0f74f613,always,police,40.67,2
e1b16bba-5352-47a2-b3e0-fe747d0630bf,relate,from,75.39,67
0f32ab6d-b450-41ed-b696-6fa72d5f8b9d,threat,collection,17.86,39
b621f031-daa0-402f-b7ca-bef09d474551,fact,from,45.4,22
e0ad1bf8-fe9a-4826-8112-a752927bcd4c,own,because,83.16,81
9136f6c4-4ab5-4cce-994f-242a5a8d28b1,street,quality,93.83,85
a7d1bd1b-26a2-444d-8e0e-8d1f00c563c1,risk,year,53.77,62
65b88d69-8ee6-46ee-a984-45350892bee8,during,work,97.14,78
8857f71c-f612-49d1-9e72-71210b512972,glass,their,45.56,23
24f6ca8f-227b-4d27-83d4-639a46975aec,interesting,strategy,26.88,6
be2d52dd-8a09-44d1-b3c6-7ed9babc9736,then,especially,51.58,90
95d69b48-5397-4fa5-99d2-bb658c971172,mind,care,52.15,24
27000512-d521-4247-91f6-c75ee39b5f91,themselves,decade,19.99,60
5ca18423-f1f2-4a14-9383-2dee4c6c4869,game,floor,88.59,79
c6401fea-8587-49bc-a59c-342e6db208a6,return,appear,82.92,4
60f70373-e5bf-41f1-9b5c-48d648b79106,trade,avoid,30.32,67
ee3d2869-cc37-4797-8f32-f5a0c877a28c,expert,spend,21.81,80
0a8abc23-33dc-47c5-8ecb-fb08c310e470,security,data,97.42,18
463bd266-4a22-41de-bde4-b5f934d30739,party,small,39.68,29
7e5a3c4b-4645-4315-a594-3a36c0764724,season,price,23.13,50
8b92e7f0-f287-4273-9b3e-eade60e3f7fa,check,soon,55.89,29
46c50eb1-74fc-4ede-b46e-d8f5af5615e9,language,who,77.87,78
899f608c-b625-47dc-bf8d-4eb218340631,lose,table,45.12,1
05deaa18-bfaa-43e0-ad9d-2bf1e4549468,most,his,95.05,81
d97a7e90-9578-4d56-a80b-84c197f9cc73,after,go,87.44,3
d1f079de-fa74-4681-9b50-6b0b553004d9,force,join,19.99,98
40ae0783-48f4-48fb-8521-6fe60cee47ef,sometimes,science,49.26,76
81a80842-fb17-4024-95ef-c8445238c0af,support,agency,82.61,88
4f13415e-cf0f-4bc7-848c-445cdeb05258,article,only,81.09,40
4337cf25-2018-48bd-9b6e-9e5e3b7893c0,impact,could,85.69,72
02f9ef74-2e82-4d16-b9f0-d35e10593a96,detail,natural,40.92,7
eca14784-44da-465e-aecf-6d55f0b3bb2c,because,need,78.64,71
42c1e531-5a7b-4b84-aae6-be4424726f14,economy,manage,68.03,55
49691193-2178-423e-bb5d-fc02c2c7f51e,deal,him,30.64,96
9177c05a-4b70-49b1-b1af-c36ab5215c98,professor,everything,54.6,53
cb47adc7-74a5-4fa3-af3c-dc4a4d97df10,kind,garden,45.5,61
c0c6e0a1-276a-4bbc-98a1-1f4c2d7e2acb,have,no,28.99,14
a5994a6c-652c-4ffc-9f3c-67c30964c8c6,nature,now,24.93,61
4ac29efe-e5be-4951-872a-dedf9d6e0f4a,just,onto,78.43,70
c1ce1c26-5267-409a-9165-b0a8616f0a07,there,official,97.93,4
cc76e5e9-c8da-4c12-8c51-065f59e543b6,thing,test,34.01,90
de805a5a-c602-4e5b-a4ea-b032a3ef2c61,carry,system,86.87,4
2903d828-05b8-4d24-84ef-7c5aff2cfc44,his,more,89.27,83
9f68b3df-c0ea-4455-8fae-54c26ba335f2,full,recognize,94.31,41
7798a4d2-e12a-4a94-a32f-54818f2e2d85,laugh,outside,52.51,83
69c474bb-2f29-4ad5-bab2-8961e64b3b3c,music,around,54.91,68
7908df76-8982-444e-8ded-4573a9dcebb2,attorney,situation,94.65,2
af51a189-b20c-4f31-84fc-d03cdb982caf,natural,model,15.87,22
c6f4ed43-7736-4ec7-8d28-265dead34d2d,only,material,46.41,74
92712cf8-544a-4cb6-9001-2f93b725f222,over,whole,90.54,36
98cbd92c-5bbb-44d3-a0ef-61571304620d,military,catch,79.01,92
318dcc75-b333-4951-9212-1ac10360b24b,question,country,76.44,78
df9eb423-b32e-486f-85d3-c7dd108341d0,find,early,80.24,15
99e1b266-849b-4f32-a0bc-fa9fa30013bf,our,born,21.31,44
a9491f57-1886-477e-8554-bfdfe9c82e5f,skill,face,94.11,78
4a117279-5d6e-4db5-b74a-dad027887b46,policy,let,54.35,19
062a2a42-0eff-4289-bac6-094d630d9a04,most,weight,20.87,11
69d37380-5973-4f76-90e8-44d971031476,or,change,95.46,21
a52b392b-ecfb-4b32-a5aa-cc324da967bc,arm,citizen,48.56,14
a3641fa6-a3d1-4ec7-8612-ae14fd63e720,foot,four,22.74,50
c49d310f-3d9f-4bd1-ab42-c8589bf85351,sense,raise,38.61,1
31125f98-afd2-4fef-a9b0-483bb08a6421,become,about,10.01,75
df6dfbd0-97f0-4ca7-ba5d-273ce6fa0d9c,realize,that,79.4,77
dbf1c014-f18f-4afb-a86a-789191ee5822,account,really,39.5,71
808e575e-f00f-43be-b599-fc2cb32eabfe,something,western,28.76,86
ac4d2ddc-89d0-4d31-9c22-087aa4d88e80,skin,operation,84.64,32
5180cc1b-a6ed-428e-bbfa-a755104f8587,final,sea,44.66,99
eb9810b8-bccc-4899-9241-3c423d29eff2,dog,present,99.18,100
c38c12ab-6044-481a-ac9c-5d2213807682,decade,risk,19.89,90
b368acbb-63ab-4f45-b09e-ec75d40b92de,up,include,70.97,10
b2f16a93-103d-4ba2-a235-cb3c1c1420a7,great,lose,50.26,99
07faefae-7014-45d2-a74f-e7323326ea94,site,skin,17.55,32
42ad0609-3f53-4f01-9607-89ca3cbab45f,ok,cultural,75.6,82
89c4ecb3-2c44-4bf1-aa70-e1abe8c6e29e,respond,movie,93.93,16
0f395fe9-d24a-4372-b94d-27e77193e6fa,cover,condition,21.67,24
0f985d15-2876-49a6-9431-f2634da0851e,laugh,month,96.7,59
71b90745-7a55-4f68-94be-89e321824173,impact,throw,75.56,82
81f557d2-03cb-4175-b86a-5e8e33be7869,mean,executive,81.43,64
77652b1f-26d5-4541-8025-791dfcfdb872,loss,agreement,69.34,71
e5986092-8fb0-4173-bc4b-c8b8b4786463,major,particularly,98.87,4
2d124f6d-eec1-470f-87e6-2ed234712066,discuss,traditional,60.1,87
15d2fa11-d883-41b7-9c0b-0275ce544b68,enter,evening,65.85,47
259d2627-d762-4bf7-ae7c-65b1c542193e,them,sit,40.66,16
035b2c34-0347-4843-90a8-89f6cccfc406,despite,add,49.98,55
4b96cafe-ed20-4885-ab29-ccf34eb877f2,short,exist,58.36,34
74cac280-d65a-4812-8da7-f4592d184ca4,both,space,41.25,81
a855ab6c-8e96-41e7-99f1-4922c6b3e16a,fight,think,45.19,68
bbe6f4a9-292a-4594-987c-8a7d8cf2c106,scene,good,83.44,98
bcf70e10-9fa0-463c-b727-9edc8aca1f3b,quickly,road,34.46,36
73bc34c8-b4d1-4528-bd86-cb568cda8522,daughter,would,23.78,59
5b0dfa1f-6f30-468a-ad74-c6b63733a91a,consumer,leg,38.8,36
1e5b4c5f-036e-4baa-a2b4-a90567edbdf6,thought,else,78.13,100
21e93b69-91ef-4e1c-8078-6efc4e231b61,within,anything,63.2,2
0b430066-7c7b-4d9b-bf43-de4c5ce7b212,TV,including,50.09,47
e66cd246-ed1b-4c03-9710-7d2745816aaf,must,condition,37.37,76
37b5f987-3222-4c9d-a28c-8a5e17288863,capital,these,65.99,47
aa3aec7a-d13a-4d3d-aeda-647e9c4963be,visit,party,46.04,62
085635f1-e1b9-45e6-a5bb-b8568d7df499,culture,Democrat,25.19,35
272072ac-f14f-49c2-95d0-a029279d8932,another,official,47.03,78
78f02f8d-2e77-4676-99d6-f01136a68658,attorney,operation,67.98,6
5c9fa320-09f2-4eac-a0ed-1562c83f1d06,media,pretty,84.99,44
7c649d71-8634-46d1-9865-5df32aee8893,professional,court,99.27,74
b584cf06-2a7e-42a2-9c1e-bb5704bbb1a6,player,nice,45.63,31
4328372e-843f-4f0d-846a-1b42401b3d06,body,each,88.51,50
0958af27-85bf-4ca5-ab9f-d820e83ed6bd,expect,woman,46.48,71
b2735763-6c72-4d28-a651-951987a986b0,everybody,Republican,43.58,39
06df0503-9cfd-4dbd-8642-a0f6ec2384c1,contain,price,88.23,99
ae2a58a3-1aa3-4f3f-a826-342ab4c243be,leg,consider,83.78,97
4c4b8487-60e2-4dd4-81b2-16f76bc2173d,drop,own,25.02,92
c26d5303-6ac1-4df4-80a9-8bda0f50e2aa,third,face,71.68,87
058399d4-bc75-4bfd-83c6-464204f14dc2,sell,fund,60.18,54
b23c8381-4df4-4133-9a87-6b6bdcbf4012,role,sort,38.97,31
6871087e-9cdb-41c0-b792-9e5dacc9255e,million,still,28.18,52
9782890c-3c47-41c9-af58-edea3fa46a0e,report,protect,23.67,99
0d068c6d-2b9e-42c4-ae5b-f04e29da01d1,same,visit,32.87,23
6ecaec27-201d-45cd-8aa2-f7016cd980f1,leader,water,49.51,80
c88d7aa6-a967-48a4-984b-e03b8f47f48b,record,five,20.82,39
af0c2ffa-f75a-4bdb-82ed-50db81cafbd4,indicate,represent,73.05,90
725fd6f9-d6d7-4097-b2c3-5de0768c64e5,big,sense,34.25,71
e3bedf41-8f87-49a0-85c3-1cb2d4a0a197,several,large,91.47,43
1db005fd-988c-4f68-92f6-a1287602d0ad,sure,chance,64.23,4
fe282a5b-1e64-41f0-8be7-c74f13d79d69,measure,day,30.38,5
b190533a-d5c6-45fe-896e-414d14b877ba,range,employee,82.94,22
9159f9cb-a596-4a86-8c83-b465851119a6,true,magazine,72.21,73
8a07c8f6-5378-4ae3-a1bd-3b9490ed5fe5,accept,appear,68.73,36
18a273d6-2bae-4835-b4e3-5752f6c868c0,population,paper,34.38,44
531db327-59e7-41fc-bd2b-4ffd72858b40,above,huge,26.77,46
af0fdb4e-15a9-4d75-8280-b1e4dd387da7,relate,according,93.47,50
27eecb13-69f0-4984-aa3d-3d345bb6e9d5,nation,general,33.97,73
1bda7dc1-2486-4208-8ba9-f30a08f264b0,plan,believe,71.04,60
817414b7-e978-40db-bf0a-d34f6d018f97,social,debate,24.85,87
2ffc04e5-b7cf-418d-9dbd-acf743622db4,toward,involve,34.24,43
4a0690d8-9e57-4971-83b5-1c324bafde83,next,inside,36.45,17
1d4cf79b-f694-4674-a005-c70c76ce8a01,rest,single,91.51,70
836b09c8-fd85-49b8-85a2-2752f96a3a2e,son,song,72.16,50
78599de3-9b2c-4bb5-b0b0-a11df166fe34,strong,ahead,95.16,96
4a840c61-36f3-4b80-85ed-a507a1b95976,term,item,77.87,83
6cecedf7-a3ce-4991-acc5-700a189294be,later,heavy,10.75,81
fd34597e-42b8-4f9a-aade-dfe8fa31bb0b,change,lot,42.43,48
ac462026-d3fd-4778-b0ae-e32ed6ecbe0a,beat,pressure,10.32,63
6022c212-7aa9-42b8-b626-63365b1b57d6,big,no,70.71,14
8bd87b35-b399-4247-89f8-19cafc92fb5f,subject,realize,24.97,37
d15272ab-0ae0-4d41-9a79-ce88ca2f9407,later,training,72.83,98
bd26b91e-eef8-4aa0-9a57-3345be9a1d2d,campaign,despite,81.46,21
6fbbba91-8a47-44df-ad9c-edfd7a848cdf,successful,leader,58.78,32
eec54b9a-80cd-466d-ab36-0e1fc20471c8,head,kind,49.86,53
9f75c0a6-a973-430e-8b1d-86f8fc794244,describe,born,45.99,63
b55ea646-357c-474d-9e9b-2fc4d8dd3292,skill,gas,58.44,64
cca2611e-8a5b-44dc-bedf-5424c97d71e5,a,order,95.08,34
3fe191b7-1a05-4b82-8d2f-920a14c2a33e,practice,him,63.32,36
7c8ba588-26d6-4767-bfe4-016184f2ea4d,professional,about,49.02,76
1944613e-8fc7-4f19-8bd6-466e4c93aad4,condition,song,46.77,89
8263cb5c-6e30-4ba6-9468-04862ae775de,kitchen,gas,99.42,39
e3e1b896-79c7-4e8e-91b6-8ba74e735e13,enough,lay,75.63,98
5af8cfc7-89b1-4da5-bf9c-b41172881115,family,bar,95.86,20
ec7f71b4-7bcf-40c2-8e98-e486b2600903,upon,figure,63.73,56
ed414025-21b2-4113-8b5a-07962ff07283,play,find,97.9,35
a32bb744-1ab3-4963-aca1-e2544fe9ac0a,idea,other,94.01,90
2e31e3ec-92f5-40cf-baad-c19cd34662a5,across,control,70.29,3
09ce5f9e-b18c-4e1d-8055-dbaa9ee1174f,image,option,75.73,17
bb4d4ca6-25a5-4cff-89c9-ca1f6b72316f,light,series,90.56,99
f9ad6b8d-e37b-40c9-b100-2385e604bb0d,fast,keep,17.99,6
e8507fc2-c3cd-4db7-80c7-74f6a60a1fc4,paper,arm,25.63,39
eb36520e-7a3c-4584-916c-7ba0cb157a48,experience,case,15.71,12
ffba40e5-e75d-4136-a253-e84e6cfcd151,last,old,10.93,83
9b4a6893-279d-40e0-8dee-52f269b113f3,never,shake,17.11,90
9365ca16-010e-458c-b6ae-e2ff6f57001a,career,community,28.28,6
531710a6-2493-4fd5-8bb9-fa8e389f4f79,full,themselves,79.4,63
77a12fa1-4391-46a1-b9d2-b4aae6a80af1,point,ground,87.13,31
d74f8c28-ccd9-4dd4-90ce-8b9b73e38d8e,analysis,role,86.66,34
a11e11dd-77a2-4705-acb3-324e10bcea09,should,front,18.62,4
1bbeca70-fd4d-46e1-89ea-612f0370d14d,base,yes,33.36,52
63cd28b9-aeb0-41cc-a8e3-f089514a3b38,happen,bill,18.04,95
7b50d051-786d-433e-9ed8-3d18b7ff4e44,yard,explain,77.38,33
b2c42fa2-5571-4f28-b420-aa636ac2edb6,current,special,72.81,99
acd003fd-d6fd-4d20-ae58-57864e01db07,how,mission,36.3,3
b5220fdf-ce9f-44ea-817e-7891bbca55e8,rate,structure,97.16,69
6f722cc9-b853-44b3-8c59-acbebc8ef254,spring,ability,51.34,30
a4c1265a-9a5b-4a7d-9f3d-191045ad0bd9,cover,miss,59.55,66
254140e3-3087-4689-bbad-4fa42ffdc500,couple,great,30.97,87
00b752d1-c820-4e39-8d54-b91939df8de9,dinner,admit,99.95,100
fdb97a06-e6d0-42e3-a5b8-9ec3da8ad557,series,able,41.98,28
0461fc2e-1d88-4607-b270-9993c45245d2,suffer,majority,24.35,37
e7dfcf34-19a8-4466-b7c8-fa791cfa9009,spend,mean,20.53,70
b89e2ce2-cb1a-433d-90d6-8855cd2e1100,low,lead,52.03,33
9b9fa5db-b9a9-4c49-957c-6140629057a7,stuff,material,16.56,36
f27e23dc-77a0-4bbb-a669-13de957057dd,possible,ever,91.67,21
44f6c084-0a7b-459b-970b-df7bce6bfd08,news,five,38.8,90
06fbcb7a-17ee-4d8d-bcb4-d06ab6898e12,surface,toward,20.64,87
90cabf84-b127-4ad6-b149-5b3ae20c063e,career,successful,88.57,32
fe9bf44d-d6cb-4638-870a-f435ce3565ae,ask,scene,90.41,91
a01b1df2-4c7c-4480-b9d4-a0cfdf5793f0,down,surface,98.82,77
fa45343e-e038-4e3f-940d-49f5eb1807c7,recent,cause,43.27,20
829874fa-8943-4032-bc0f-7a90678d4ee1,produce,animal,56.7,55
85517439-5d35-4ee6-893e-342b5f652b1a,include,or,92.37,86
ab97d040-e253-4232-adbf-04500a971572,describe,market,10.34,99
112f827a-440b-43ab-92f6-4f84ab125084,site,only,93.42,74
67e39c57-d30f-4a32-86ad-325bdedcd21a,show,message,37.09,32
ff82daf5-cff0-4c5c-80d8-941ee81420b0,age,activity,42.62,73
70178bd5-9a25-4569-adb8-7961b18e3aef,ground,wide,89.68,69
c14ea478-14c7-4160-bfa9-2f4a5d48f516,tough,anything,38.6,36
495ba8c7-52cd-4591-9d3c-b7cf0ff9b2cb,every,field,32.05,13
7befae4e-335d-497c-af0b-14c78dac48a6,always,memory,38.85,64
23e13408-cdb9-479a-8c3d-9ac63df697bc,history,quickly,35.64,24
cecf566c-3fd1-46ae-82d7-8e78e520a4fe,ground,society,11.76,17
3a6ef433-f640-454c-a332-a0bbcef9927d,similar,call,38.16,10
55be0f25-9ccf-494a-aec4-ed0bcd4d23e2,drive,choice,84.67,61
7f1fca94-7d61-44d9-a9df-161824f11c5d,radio,head,60.95,24
e8e46315-ce50-4ec0-8674-fe60409995e2,attack,close,27.4,35
bb2b2a51-428e-4f3a-9af1-97c5b1337653,usually,draw,88.12,17
837db510-7acb-45bc-a9da-4a639dbf70ef,fish,leave,58.36,66
329ece57-979c-4186-a194-dee3b091827f,really,notice,80.72,96
88786f48-bb1e-4c26-83d4-2eaabbaf9d56,step,whom,54.88,21
2e350db3-dbfb-44f2-8d4a-23532d8cbfa3,talk,set,27.11,5
f7c982f7-31f4-4399-b7f1-84069ae42fce,something,system,93.8,56
e2631d7e-fa91-486f-816c-a3a44327e752,rule,measure,46.78,95
b1975e45-8cc2-4167-8524-a3a4d4b937bb,have,tough,95.9,26
68a8220e-bb99-4520-9663-832ecb23f0d2,state,fish,26.87,86
a3452236-12a1-4c42-ab34-0b7e3189027d,each,difference,13.13,67
c0a4796a-71a2-4609-8a86-b4dc5f8c3cb9,anything,instead,44.51,59
fcc688df-29b5-43f3-bdd0-3b1a7aafb675,mother,television,35.42,34
aa86c923-d0c9-4f8b-ab36-147afe823f42,guy,statement,29.19,6
794f3cfd-8fb2-479f-8c2d-1ec8bbfb9fb9,so,top,32.47,13
70823d7a-3640-41c1-b603-90a9cbd9c56a,ago,Republican,19.94,57
de8c01a8-75a5-4ef2-99e2-6a657efd6541,officer,past,91.23,72
c77af181-bf6c-42bb-b774-9e7e81b80051,she,hear,21.94,93
97b67296-9cce-476c-9654-36fd8c7c48b9,politics,customer,42.8,54
064d65b4-624d-4fd5-a5dd-57505a746d58,tend,others,69.65,78
7708e4f4-e1eb-453e-9851-d46f27dd6017,level,high,45.23,58
f3866432-baa8-452e-ba1f-52bc03d5d4c0,strategy,clear,16.62,51
2af3b88d-09be-44b1-b0a3-40b964fea2a2,certainly,manager,68.52,18
7c65bcd1-e427-4c3e-8f9a-2fba9db2f374,social,public,63.1,61
2850f3c5-0135-4605-bbf3-6064d2275440,plant,expect,62.32,12
d995a514-4c9a-4a8b-9481-f6d17860e1bb,position,cold,21.93,11
376700d5-06c7-4bcb-925f-be56a62e908f,join,else,49.3,12
408103f8-c8ae-4d81-8f5e-3ff11132a55f,cause,whom,11.65,42
8c18049f-517c-4ef2-8bb4-fe27ddb9afb8,arm,environmental,75.84,7
5a7de65b-26bd-4203-8510-c60d3abe4fe7,environmental,research,70.29,63
db799baf-4d53-40f4-a425-c15652118e4e,cup,money,16.39,79
c6446819-3e5f-470c-abb3-e458a37d2b8b,wrong,recently,69.88,85
369c1b52-aad6-412f-8041-8e1b4d45f7ed,provide,significant,78.92,44
08935e84-cbea-4df1-8af1-c3cd84985768,really,war,50.82,70
ffa5d8ff-fc7d-4d14-9150-156f1635e98e,alone,reduce,65.9,49
d0c6dfd3-68c8-4899-bb36-4e98b899e90d,shoulder,mission,70.11,90
de986f43-87f5-445e-a5a2-481d94fe2273,case,part,86.56,7
2465b15c-a06c-446d-983a-fa8719207cc0,east,election,62.86,72
15267031-1fe3-4d96-b8c3-3ecf8ec6389a,question,court,27.57,25
d7842779-5457-4e18-8a6f-956297838f37,across,TV,45.19,25
36238165-0b45-46e3-8eef-633a51129ce4,place,wear,75.66,70
3b2a1654-fc72-4ce0-b075-1760eec23493,while,ask,89.18,95
de8902f7-e395-44bc-b260-c55d4f2378c3,perhaps,third,27.87,77
d7d003ea-abd8-45ea-837d-eaa3384e8129,pass,century,64.04,43
1433834b-361d-4fc4-a038-e8d7aed30f23,bad,chair,87.88,27
396acfa2-f575-445a-a749-f09ebcfb6938,set,list,17.26,62
204b32aa-2cec-4ce8-bec9-562d9c34cc93,may,which,35.43,81
2e93624e-f78b-4d94-ae00-97b8d6fee878,pick,local,51.36,26
f4b43b79-2fa6-4203-a1d6-7e0785747512,bring,similar,81.71,60
5639a4a6-a841-410e-8e17-1981aa2f85f7,best,rather,23.42,85
70bbead7-dfcc-4611-9d15-acbf9bb1ef4a,major,young,35.12,72
8cc40c3a-1a08-4f56-be6c-8dd4fcb4ed1b,him,whom,97.68,19
f0a454de-39d8-49ef-8074-9e3cfa0328ba,rise,leg,77.04,38
17bbe30c-0631-45ba-811f-cc8bca6e8439,hard,pressure,54.54,47
53d73b50-fcfd-49bb-b523-09acc7e2eb06,serious,cold,74.52,71
b0bb248f-72e9-49c6-816c-fe385fa7871d,lawyer,edge,55.07,45
604050bc-a98b-46d4-85d9-92fa43d5ed89,example,kid,70.81,32
504360f2-cac7-407a-af33-89b4acf2983d,eye,music,48.61,94
56759455-fe8b-4629-b9cc-6fef31b65c52,any,time,98.26,1
7c1c5e25-07e9-4670-9f9c-845231493144,why,instead,69.79,61
dc7aa692-7f0b-453d-8a12-4dfcc4f973d2,science,possible,57.18,30
2c18c87f-f766-4daf-aeef-01e1423df11d,home,end,20.36,21
cfe91e7f-541f-4d68-a370-22bd44180dea,ever,type,55.79,75
727c65d9-dd99-47c0-83ce-68ea1f44b44b,arrive,take,50.0,76
7bb607b6-3337-4d8c-b780-c99f100b9829,month,plan,60.58,65
dffce61a-a664-44bd-b076-031bce66a850,street,work,86.84,81
92084394-db27-474b-bd86-6b2404447158,result,responsibility,63.93,11
dde1873f-02ae-430c-bbe6-76e5d0fadc83,produce,save,84.75,92
59abf847-1d1c-4a5d-84b6-dd58365e2e43,building,vote,47.08,26
c6cc4d43-82a1-4306-a3a4-e13ed1868d42,economy,city,62.84,43
fb842fdf-8a86-4ce3-b5f4-1b5e631fc0ac,five,for,98.6,77
b00dbfdb-a79e-4127-92af-0bd3309681d0,half,perhaps,26.65,20
022eef56-90ba-4f32-b5a8-cf5e240ebe8a,lose,direction,58.34,26
0c36ae6c-cb18-4920-9806-d1cc680fc653,hour,allow,51.74,44
c9ff219e-5073-40a2-a7ff-f1cefe6c3551,relate,traditional,72.52,77
f4f9f363-e446-4365-8e14-d7dc83c598dd,important,his,94.44,23
a99bc089-cec0-429a-b518-a6cfd878f1f4,interesting,open,88.14,35
4111ed91-ee22-4ca8-a79a-426617308fad,box,thank,85.81,84
b18eb7bf-e303-476e-b1b0-448e76351443,training,boy,31.42,76
5be732da-0910-499b-8da2-f65bbbb7a6d0,why,magazine,97.54,95
6b228d2c-09e6-4a8e-b66d-95b2f2940eab,choose,organization,62.86,6
17d52eaa-4668-48eb-911c-aee1e3cff569,well,land,26.33,79
998d3fcf-f923-4223-bc9c-d7cb90b0df11,entire,note,99.59,80
71626679-50a2-48d6-a28e-8855163a5056,note,cover,66.42,9
72e8fd3b-0756-4548-b93d-1bec80055998,assume,onto,94.63,18
62615fb1-d239-4185-aa6f-a3c1b2736fdc,building,treatment,17.64,29
4575384a-a97a-4926-8899-ff048447c6d0,whom,third,13.29,23
e6bbfbbc-bd46-4575-872e-10e61d01fd50,quality,line,65.31,63
674544b3-39f0-4f6e-b618-cc91670d3a6c,brother,author,20.22,7
e803792f-3d53-4ee9-a597-3713ef1172c2,well,already,36.56,62
6d522e25-d45a-49b2-bfa9-916643c3b016,blood,television,94.15,59
632bd0a3-a37a-48ea-a87c-f5129940974b,religious,number,88.03,31
06c73e03-2eb7-4a9a-9b2f-05171046f8c8,management,lot,11.6,84
4a754ee2-e8ab-44da-a112-7ef614c25baa,well,prepare,66.89,99
c3a071db-db16-4ec7-94b7-a3a60173852e,Mrs,third,53.66,39
5c673ba9-3b39-44bb-a4cd-0032667db294,few,military,90.43,8
6309bfad-af53-404a-8d78-d5e445b0eba5,college,society,83.01,95
76b291e3-ed93-42f6-98e9-0f02754c6a23,picture,everything,51.49,30
ebf79c99-52d3-4b57-b26f-ed09c71f6ac1,image,economic,87.53,37
f56525ab-144b-40ad-bfe7-8a5d6659b362,sport,stand,10.94,11
01db2a89-9cb6-420a-96f5-03bd623c9f2f,natural,center,84.24,16
b49c6e0f-1a2b-42fe-908e-ae6c6535f5e5,argue,international,93.11,54
0b609102-2080-4ee7-be85-8eb6870af78d,partner,positive,26.77,53
e679cde8-5576-4a71-9c77-ece7b318a31b,here,west,19.14,40
7111e3d9-ff47-4c7b-8ddb-97ccff73bf68,process,drive,91.21,84
dfa3f8cb-2f5d-424c-89f3-8dd1754cb66f,collection,stock,24.65,97
76d329e4-c782-4d68-8e18-043040f7b0bb,magazine,but,13.39,28
064c461a-816c-40f7-a5e4-ee4e3131fd7c,watch,concern,88.77,37
0fd12899-80a6-4961-bb7d-aca6df67f3a6,we,two,88.96,85
15729e18-ec80-460f-a32c-1fb11c01ec4b,serious,step,90.63,58
ba9cc958-b5ae-4e74-bbd7-4452ae46004b,can,example,46.3,29
cbcbb85f-3155-40e0-b1bf-4b0fe1b08951,seek,view,13.49,12
0582fa6d-a4db-4f69-955b-989051ae5cca,phone,tend,89.94,16
0dbcc9c5-856f-4ff5-8118-3676440351c4,expect,our,31.89,60
b7e1c203-98ba-4e6a-b90d-0928c36b9a98,reason,score,12.72,37
db208b89-05fb-4e55-aa1b-789e53adaea8,house,network,24.05,47
171ad3f0-892a-4c3a-ae52-85ffc664108d,think,recent,90.62,23
1ee3a783-db7f-4d41-9d3d-069858f91c9e,explain,expert,17.2,2
bd38475a-f50c-434e-b81e-6b8ba0fb0ef1,citizen,social,82.1,8
fc293e1a-87ec-43f3-ace6-1a3ce1d45a55,meeting,husband,11.06,49
ed4054e6-7a30-4070-b32f-bf16ddff3d44,character,population,47.79,78
559b1080-62a4-41d1-be54-ac170ba98123,available,consider,36.99,19
6a640798-eb2a-4c9a-bf52-0afe6101aa8f,miss,computer,91.47,73
9486b76b-b96c-4cd7-a517-4bdcb6cb7eb3,offer,region,87.38,61
180800bd-d9ab-4ff2-9ba6-92e0d28b3f21,only,kitchen,87.35,23
6257f351-6705-4392-affb-a63fa005cdd6,fund,training,86.75,50
056f1181-1f75-4538-9f98-21892fc51e87,agent,sport,20.24,89
1e7fc79e-d528-4ebf-bf51-f91a340a3e9c,between,red,59.79,49
f5e848b4-b4f3-4fb7-867d-af75692452de,sing,treatment,96.09,64
cc50aabe-bb1f-4a5e-8e3e-16ff070ffe41,speech,century,43.34,48
e70592a1-aeb5-4321-bb6c-a92035dddc89,board,rate,37.65,46
39449a4f-8a2e-49db-aed7-d34621c5a288,state,contain,67.39,46
9e938557-9da4-4501-b83e-c00440d90665,item,painting,21.25,30
2673616b-5587-4a18-855f-259682a99240,north,network,69.42,97
398c4716-a13a-4362-9271-82831e0adea6,garden,use,38.5,74
d5873091-51db-4e79-9d50-dd61732ed805,well,fine,41.91,51
34847157-8bdc-42de-8b4d-0b5cfcbf5057,or,wish,15.58,74
11581902-44f8-4cba-afe4-513c4a787bf7,democratic,to,69.34,1
f3037e09-8cbe-42e8-bea3-705daddba482,character,end,57.93,64
ae1d8a8f-90c6-49d9-8b69-a425d7540186,resource,see,19.69,87
90636ec1-c1fe-4fe7-9728-6b979a605b0a,ahead,sea,58.14,25
7cca77a7-d21e-48c9-b871-e8f437fecdbb,item,deal,59.11,74
8b8bad84-a537-4dc4-8dc4-e54b06117536,talk,ago,65.21,10
332dc09c-bb00-4650-b3c6-792cd137475f,school,nor,90.43,93
1b117935-1f76-4baf-b57f-c6c7115393b5,east,sense,14.47,27
4c30abee-89b2-4406-8559-ddf4a03ef334,election,teacher,81.81,34
748ae930-40af-45a6-9012-58b5d17cf6fd,southern,feeling,22.01,97
5504cbfc-c4fe-42e9-812f-49f7749b137f,instead,much,26.98,29
fe5eabae-36a1-478b-b115-1171b8d88a7f,trade,if,26.62,70
836b82b1-d732-48c3-8b55-13803767ba5e,girl,choose,95.42,95
63ad7952-f556-466c-8d6a-a67e3ee30d40,much,event,85.15,75
07b32e3d-596b-41fa-9563-98210e185eb7,strategy,indicate,75.19,13
1067387b-1057-4e7f-ac3e-fa0b2fb5e643,scientist,let,61.97,19
6d553d82-3fb1-4445-abff-3bbf29ed1dbb,section,happy,96.0,86
5b3e298b-d104-43f6-a39c-a2d00e63990b,maintain,policy,55.48,68
d2b180a1-9c2e-40c4-b420-842a126ed975,he,second,45.49,91
7b86e447-afb0-4789-a30c-a3d1bcdac904,themselves,out,31.64,60
3052d7ab-2ee9-43ed-95a8-d5483dfc75b5,language,after,17.56,50
33e3e60c-041f-4f2c-b962-5744f4fa061f,key,top,78.37,49
2ccee9b1-6ee4-46a7-b3cb-247afb2d23a0,piece,effect,86.84,24
13762701-de71-499b-be41-43565317344a,six,work,47.51,68
e32ee7da-96ba-4284-b6c5-2756945bc67c,my,food,21.45,65
52c1160f-36d4-4577-b570-49bfb28d2e96,the,herself,65.98,40
b3a8a71b-1860-4daf-a562-4dec2e32b694,something,that,25.57,11
06ccfb34-e855-4eed-bbd2-fbcbec188df3,responsibility,old,58.25,99
3372da79-9f8a-405b-83de-b1c925a549cb,next,bank,36.98,14
6d51f5a1-a0e1-4c86-922e-485005a4ab49,road,single,37.55,96
52639255-849b-4f5e-85cf-b276611ba1f8,eat,seek,66.16,67
4398952c-4d50-438e-910b-6a31bbd1d81d,heart,herself,35.38,57
7d77368f-c267-441a-8d78-1fd4ca22599a,ten,cold,71.29,26
c5407f17-2798-4d41-a7c1-708c3fb9faba,culture,have,43.57,1
2e082ed7-3d3c-40eb-9107-93a1e5968153,should,beat,60.56,34
749d5c7f-969b-4481-b194-7beec715e9fc,work,wide,26.03,65
5fbc3e8c-1a07-4219-a557-580d283f9568,animal,possible,34.53,15
dfa3d063-965a-444f-a71a-b5168a343ca0,throughout,method,62.06,28
c1780f34-a549-4040-8797-6dd370c85e4c,body,hair,32.81,7
c87a0c5a-27c7-4ebf-beb9-523135942db8,enter,fire,59.31,38
48846326-cc8f-42d1-a266-8af267667d45,through,second,56.63,21
bcb84994-55fb-43cc-8079-c4716fc16d49,others,specific,65.31,99
d92536e8-bac9-4220-87b5-c11c4ccd1167,team,can,80.17,47
202249c7-14e7-4125-ae6d-fe64a6be9ebd,clearly,former,84.41,34
1bf0b9da-1a7a-4d1c-8099-7f62629a2903,consumer,research,99.68,7
117bfb56-05bb-4555-9dde-eb44d1970cd6,claim,seek,64.13,93
54073f0b-167a-46e9-8592-427fe96404d8,design,court,57.68,11
514c15cc-202e-441b-85c2-3acc6f9dd9ff,painting,these,97.03,91
44a4beb3-9927-4249-8924-ddc0b5483bb5,sign,increase,83.63,34
f4f875a6-0508-4ec4-841f-fd4002f29ab3,sort,continue,96.47,45
888b1cb4-16e6-43ff-98c1-a2f0528c0f54,store,section,84.1,79
b6b4975a-80f4-49b4-9c01-d4128d978504,few,firm,19.67,76
4f6c758e-72d5-43ae-8ea1-37ceb90fa3d5,position,focus,82.51,99
b270d36e-f5a4-43ed-80dd-67ebeaf0eb42,another,light,48.2,9
fba1bdc4-b5df-43ef-aefd-ab9c22fb22a4,discover,morning,65.38,30
1004e8af-cff4-400c-b1be-8abc34b06978,another,husband,45.12,36
3346c3f4-337a-4dc9-9fe3-d42b9c95f29f,well,care,65.15,78
8dce449e-1169-4a93-9e19-c4f21ccb66f7,phone,on,31.8,22
fe2a4e6e-d23c-41b8-8bc4-f67d3b917713,quite,center,93.25,8
236f6236-08da-46f3-a28d-68ab8d71c7e2,everyone,now,62.57,66
6bae732a-d272-4a46-a36e-1ddfa3f71c0a,green,baby,42.96,2
3d9e7282-76df-47bf-88f5-c4ed0a0a5e27,college,year,85.23,89
4f3dafce-5265-4ddb-ab6e-d7d5fe1064f9,keep,defense,85.23,57
2c84bd90-1a8f-43c5-929f-0a45b9ecc862,sing,find,85.54,57
49bf8d56-bade-4b61-b3af-7d1061a37a2f,manager,reflect,25.59,22
bc785f99-aa2a-4052-aa2e-a5c2455849c7,decide,skin,31.21,77
ae100b69-cee7-4a5f-a52e-47c3e718292c,choose,group,36.83,41
abd61108-4583-407b-9306-d18b36f5f01b,popular,experience,26.96,14
e8b0038f-c481-44c6-8eda-03d98479b3b3,job,number,39.58,73
8974090f-f4b3-4f49-96ca-29759c5e25d3,plant,pass,41.01,10
38140c6d-1731-4ee5-a333-880c2980c140,modern,for,90.16,23
2a806572-a089-467c-9669-244898371991,quickly,old,93.24,16
dd94e0d0-839f-4dd9-af12-152f8c2936bc,same,medical,79.81,12
849fcb9c-fc75-41c0-922f-a130e107f333,ever,mind,67.73,100
31c22417-7c87-4d18-828c-bae56110221d,simple,should,13.31,81
5a976a3d-7c66-4652-86ff-30f746236fb5,address,well,79.26,7
4039d1ca-43c9-472f-ab99-2fcc68ad61da,every,daughter,73.95,18
c578961d-ba11-4125-b51f-a2d92d6ae96a,indeed,response,92.49,77
6cae3483-5e5d-495b-95d3-8c274cad891f,training,possible,33.21,46
1b41c345-b88b-403e-b2d6-e68365d2f11d,practice,evidence,87.75,60
6fde468c-e8e2-4c70-90a5-0d5c03bdca04,deal,summer,97.54,12
cd42e974-d4ba-442d-94ee-2f1de2f0b40b,rate,actually,60.41,8
b579d25d-c890-4e9f-9097-91fcf0a9435d,candidate,chair,14.73,91
07497ea1-cfeb-49ac-8aa7-92b23f1d770b,model,since,54.5,69
585afe0f-2e15-4a91-9eaa-a1a25162b7aa,left,lead,61.97,79
f371f0f5-890f-4b7a-a11e-689804f11121,off,us,71.4,79
6984422f-1d98-4de4-a33f-548ab8c0cc0c,newspaper,down,45.91,46
20de9cd6-5567-42c2-962b-b62ef8277ca0,person,sign,50.29,76
6369af0c-bcec-465f-a3f4-5f4f85bab49d,myself,paper,19.39,26
042155b7-e3f6-451c-9bbb-48e044e8772c,senior,give,42.28,78
3977cf7e-974f-45d2-a5f0-9ead8e6ffaab,little,different,94.65,89
a77817f5-3c89-4bab-8232-f015714cff7a,war,wife,26.88,47
0d6b26a9-3a9a-47e2-928f-d0381e51a132,full,appear,10.3,7
66743f43-21ba-4984-a6e5-6dd02de020e0,thought,long,25.3,14
b98382cf-756d-48cc-8be5-ab1c99b773d6,treat,minute,44.93,13
118988f8-f39c-4711-ae80-2ec1dffa3ecb,traditional,security,95.42,2
21f1e2af-5309-4b74-b995-3f602d46b4c0,only,who,77.13,63
895d1065-1671-42dc-aff1-17d7d953c9a3,far,seem,88.31,45
63f1d0a6-ac9d-46e2-99de-17fc89e74de2,strong,start,94.12,9
b0a6a7e3-c0fd-476c-b51d-bb0a7e253a5a,wide,expert,26.48,8
a9c2ffe2-7f2e-4a44-a878-20e3ea57e34e,national,get,69.09,73
eaabcd21-7e9e-4b14-8773-44f853f1982a,grow,yeah,71.07,64
bc3eac64-2400-4983-ab43-1a59c8353d2d,common,professor,95.02,21
1952f3d4-057e-4a82-9b0e-32d5fe7b0d38,ok,market,20.07,54
b3cbbd9c-e600-448d-805b-ba02e63787c6,act,fly,74.35,28
4c30b9ec-a2c0-42e9-bb4b-0087a90dff79,officer,she,81.94,82
1df24635-6c58-4f73-82f8-2a024e1d3ca2,charge,second,95.55,66
a71f1a45-8684-49fa-ba50-701052309147,mind,avoid,73.25,50
024674ef-9647-4189-9fd5-54dc0db2c51e,chance,stop,21.0,15
47adeb14-ff77-42c9-a635-2f2311e91dce,edge,including,75.84,78
d6629263-03b6-4d73-8edc-3f3e1f0d36d0,system,remember,69.74,32
9ccb24cf-eb5b-4bd7-96be-9f4029234a97,list,few,61.85,35
2f84bc6b-e5a9-45f7-bf2a-3cc9bc614ce6,body,there,87.55,4
eccee7b3-8485-495c-a40a-6068043fb7de,reduce,result,60.93,87
aee53864-f736-4f55-b516-596328ff9d25,fine,road,68.3,43
1825f719-365a-4479-bf1b-0adb5e797bb3,it,history,12.75,12
3c7f569c-c96d-4b84-9773-56461bebf4c0,pretty,lot,79.2,68
19954b2b-c8e6-42c4-818f-91c22e8dab90,threat,whose,82.62,66
96315eb1-cffc-4f55-b573-27c5e57da260,amount,whose,11.05,95
25267a1c-0858-429a-af22-dae115e9adc1,quickly,will,44.81,8
6525c866-cd78-4770-9549-ebfb8a441a7c,human,land,12.05,6
8357a778-4fc3-4c9f-a42a-4d844357fa5c,since,authority,59.24,46
88779d25-65b7-44ec-bbb6-0eb54b891d7f,mean,career,60.36,18
d574744e-b5d3-4dde-8afd-8301518d49c4,then,nice,36.95,40
4f95a4fe-1602-4209-b8ce-7dbf8171fbcf,magazine,movement,71.56,31
c200c1cc-f763-4f9f-9dd1-3191f871cb3f,point,by,67.92,99
9f7da42e-f325-4ba5-af88-b0b592d72b6f,material,whether,61.83,3
171bae19-fa64-4671-b6ce-c62545eb1cca,north,nor,33.92,57
cfcd684e-428a-4c6b-894e-4d3e9fed717e,where,change,12.1,96
34f554c5-7df2-4d78-81da-d75140d1a6dc,beyond,produce,81.44,89
07ee027f-e0c7-4a86-8f90-67504af000f8,summer,wait,68.49,90
76b6e3ba-7294-4058-a0c7-f71090fc3398,official,phone,29.71,66
951cc050-e51d-444a-b8c7-e2fdb83237f0,matter,civil,80.14,52
4b02fe58-1678-4708-adca-f3c450ed42b4,quality,fall,44.01,22
2b41b512-ea5e-4bd6-8878-26ed05a99d86,remain,professor,20.6,67
e49f7f79-2da4-4b95-b128-a836db308335,big,boy,68.11,3
023968ce-a7e1-4eb6-8cf4-345a09e0a862,near,world,28.74,3
1f338f11-e124-4930-b0af-5562300afcd0,Republican,leg,68.9,76
64460a32-a532-4069-932f-2a5a607189ec,particular,party,90.1,5
3a63f963-3821-42aa-b917-02e427679adc,rich,which,41.63,81
53ac96f9-1207-4106-a7df-e23be309a596,station,suggest,46.05,25
860cee34-fc26-4dd4-8c9e-7ac40dd42f33,black,career,49.34,58
605bca59-409b-4428-bc35-78d82f9d137b,occur,sense,34.38,42
fa02cc70-0b30-4f1d-96b0-7ede93674a0c,great,career,88.38,27
f58e4e6c-e0b7-4455-8331-e9fad2367847,decide,stand,71.16,15
8ffb58eb-5d30-4ad4-a0a5-c5f0ac030b28,goal,war,19.49,27
a3976d7e-8e32-4d8b-9f8c-62517a83924f,this,base,49.13,46
79b86406-d50c-4b2c-8b6d-eed423f35ae8,economy,senior,49.3,15
e9cc651c-b485-4adb-80c1-14c2835b4aca,type,lead,64.23,77
5f29ec2a-bcc2-483b-a91c-da742478e78e,yes,scientist,23.99,47
183899d5-f468-4739-9bd8-fde185effb22,alone,it,16.36,58
b69c4c9c-473b-442c-97ff-a4a51141b7d6,bed,he,51.45,13
08ecdebc-3206-438e-b0d7-bbbfdffe258d,industry,positive,46.86,97
de662bbe-022a-478f-95f0-d1eb9deeabe6,view,to,60.22,85
d16803b6-a14e-4eeb-9204-bc20d56e82c0,week,to,92.82,78
f12117d6-6efb-42c3-ada2-253930f2cb81,scene,day,95.93,67
dd35ea2c-5a53-4c01-926f-cb03fd068a14,example,drive,84.37,9
f8701f6a-9da0-4732-942d-01e60c2196a3,language,imagine,58.45,70
eba807fb-22eb-4126-9839-22dd21d42d37,especially,expert,89.16,100
8d351e68-3fc0-47ad-9940-1fce016e5956,buy,fear,43.61,33
1ebb93d3-3cca-45a3-82f5-f7be0c8f5971,point,foot,35.72,62
ac9f3d1b-aafa-4563-b1ba-ab32d4f167ee,could,sport,11.55,65
58730143-ba99-4317-82e3-bc24eef607c0,keep,key,43.13,97
b0647c73-00cd-4c34-9b1e-e4b0538afad6,like,rise,49.97,22
e7dd4b94-4748-4ad7-951c-40db41f8c646,strong,exist,71.09,57
7bbdfce4-7fdb-4add-9c11-3de5455be37e,interview,detail,18.99,86
61d249f5-acba-4acf-8a3b-366b37cd75b7,method,wide,57.2,48
6fabdba9-26c9-41c1-a768-0efb5f5db61d,blue,structure,63.13,81
863d0a78-f36f-449c-83fb-69b7a4a75cb7,near,often,29.46,16
fb8135b5-cd80-4b4e-88b2-8f04ce87844f,far,before,86.49,72
3df3d200-b58e-4667-9836-1a0d6f955a27,name,above,55.16,99
fa1fcf0c-e513-4e95-a457-2d1940eb1cbd,environment,decide,98.86,80
7d6260b6-1ce5-4a13-b2ab-0ddb1d8642d7,discussion,Mr,35.93,78
ba90faf1-1ec6-4bc4-af32-4f6295a27e4d,nor,establish,63.93,88
2a60f6e7-6b9d-4df5-b8db-2c5b789a52f3,level,late,65.35,52
fd0fc331-e29e-40b4-9684-071624272acf,section,style,26.62,65
c976f6f6-a4d6-478e-8ef7-eee89349f981,someone,moment,53.17,5
64b4f54b-eb81-4402-895f-7d72102f0620,building,type,47.72,71
55120457-0518-464b-a96f-b503e1fd5260,yes,or,93.55,29
9f2d2636-0d4c-4e78-9195-7eb5488d8c37,natural,trip,86.38,79
1a27d65a-395c-4cf7-8d42-8bfa9e623268,role,team,40.7,81
b6490cf9-1653-42a2-a760-bb3f752fa623,notice,do,59.48,51
d0086c9b-e279-4d47-8afe-1538b653bbe3,deep,down,52.17,57
360a963c-d4b9-49d7-aac5-6742718e8c21,among,whom,14.24,43
198d0970-e8cb-4dc2-9b9a-29f99edb05bf,study,since,41.49,51
99d26133-5b36-4219-a190-ade304757dec,relate,spring,97.0,22
57d05e8c-c67b-4be4-93cf-66a3574e0e7b,particular,order,60.35,32
480e6e62-e9e7-4f68-ab52-8ff97a392f26,receive,wonder,22.44,14
a667d703-f841-4e8c-931a-72d1c3491aa6,per,treat,82.42,14
d56887ec-4572-4feb-85ab-476f98916b7a,ready,fill,15.46,24
aded0342-4c1d-4359-b0e9-ad46e3e260b4,maintain,attorney,99.59,21
d73d4bed-cfe7-40b0-9e1a-b367d8f40490,each,term,14.31,65
e03d3030-1e24-4933-b70b-3e35658b8171,think,push,67.54,55
b59caec0-9ade-4faa-ae3d-5e4f571a8e5f,city,around,40.4,57
a8a2ba8b-316f-4392-93df-b130a75c4b2b,traditional,meet,45.67,23
d4e25f0a-0f18-4ac0-b54b-36585960db04,article,ahead,90.34,32
15257f45-ce7f-42c7-b931-353f62e74048,law,arrive,36.51,74
08c3523a-e699-403f-b53e-8894d33cc979,training,claim,64.42,77
aeb9cfa0-ebb4-44d9-8b27-9be515dcd8e7,avoid,anything,54.96,79
3821f4d5-86bc-436f-9a23-f216ec5d4144,better,blood,82.34,8
42969c31-c08e-4c0f-9a52-52ec0a986a40,how,chair,95.8,78
aebc93b4-21b7-4874-9994-94355a637264,writer,short,92.24,90
51501f4d-98b3-4235-8b97-9125c2bdfd67,word,dinner,80.94,57
e561b91c-848d-46d5-8dc5-db4074d38433,such,drop,69.89,65
28cb0a7b-4b6e-465a-8a41-b236d452725f,seek,half,75.06,70
a331d93f-7d41-46e9-99ba-60c05f37d5c6,rich,recognize,92.34,50
6ca5336d-fc5e-4632-a2bf-dc06b455f4e1,author,white,61.33,25
18c9884e-128f-4556-8d90-7ea2954f2ed9,she,protect,58.53,85
d361b827-c333-4241-9f96-2e538155722f,medical,organization,33.12,34
aee23daa-dd4b-4167-be71-b053dd1961f7,important,painting,85.95,56
267a47f3-9dda-4c59-a9fb-1f1a62ab18ff,best,question,37.34,14
bda0be42-f0e1-4526-848a-507dc140bcbd,tell,key,48.11,71
ff64dae0-c5cf-43c2-92f7-ba34f2099993,mother,line,94.43,53
41cfebd5-553a-40cd-a3a6-69573cd69b19,lawyer,explain,14.38,87
aa5b4c1a-0d2b-4a25-a8ce-5acc0023d04b,cut,first,41.6,42
86749934-c0ed-4e8e-a3b5-45c1a0d9152d,even,see,43.17,86
10bd6969-c934-4867-bfbb-88cef16c7e49,range,staff,31.49,29
9a806f59-78eb-40d1-8878-998f836a383d,final,product,29.86,79
65435014-e582-4620-8b36-131e2853817d,receive,past,10.29,26
b6612b62-c672-4a66-8628-dfdd94df7d62,by,when,99.83,39
f127423e-c405-4273-baa8-6076d0091fde,water,teacher,51.47,84
f7ae0701-c21a-4d77-a988-dca84b92b06d,spend,need,99.87,12
35a0c51c-16b7-4071-8f03-380801636160,trade,country,38.32,48
d973a419-27ef-4fa7-83ac-7f94c57e48e4,son,chance,79.91,26
bd72b340-87dc-4d6a-a60e-1c111dd4f01d,mouth,record,39.71,97
a7ad8c4b-9c5d-4584-91da-832c0c53a61f,section,up,67.81,3
52acfd53-1a17-439a-b2ff-244718739a96,here,news,31.62,40
575f8fc3-476b-48c2-a0ca-2b455cc6c5b4,sound,space,83.81,93
79c14668-7d1d-4a39-b366-23d0fd1f0632,according,plant,25.91,57
0ff6e6a0-3969-46ce-9985-ec11f3722209,there,American,20.28,69
d450cc61-e460-4b01-b75a-fc7394e914c9,trip,financial,18.39,59
3847253b-b245-48e6-952f-9130bb03a926,quickly,customer,92.83,80
f6c8cede-6860-4c10-a70c-afd65c1e0c18,government,short,17.27,11
3cece162-db26-400b-8671-ff3771fbbd8f,leader,after,37.92,4
674d07e5-8177-414c-b378-cb97a90eded2,scene,skill,30.6,7
839c3fd0-0016-4710-b004-679f15092b71,medical,agree,76.6,59
fd9aa9c3-e105-4171-99e8-bc91d0bb75ad,box,only,61.11,5
fa709fcd-08ed-460e-ade2-6f7f42f8ee72,up,hospital,24.38,80
54429ae0-14d7-4fde-b84b-d8ac20292f97,practice,exactly,81.1,9
826e42d5-30d5-4d48-92df-5bc37852854d,best,future,44.09,40
23fb3cdc-23c5-4d2e-baf8-e7804fe93845,none,know,34.62,83
5e6a3bea-93d2-4bf1-b20d-8edb544f660b,end,its,21.22,52
645566df-f247-44e6-b402-e345ef0c462b,spring,participant,89.36,59
744c9cc9-1dbc-4644-b514-b013bfa8950e,low,between,52.0,24
debb33d6-116b-41db-b9cd-19369ab9f79f,top,save,51.99,73
7343b6b8-75dd-4a4d-8609-8987b3220ed2,past,east,84.08,38
4cab7ee8-ffb9-4ac5-842f-6f876f2f069d,put,dinner,43.66,97
31d59881-e8db-4133-97a9-ca19c1a4b62f,you,before,85.81,95
491abf12-e280-444d-9dec-154be340d60a,main,notice,24.13,12
73e898e0-c75a-4a0f-a6d9-1d447b8ee1ca,concern,rock,22.94,72
3b9659b6-b816-4dbe-800e-e27307ca6144,production,buy,78.83,57
6b289326-ff90-42dd-a297-b12241b01b64,challenge,fill,99.24,91
bf2b708e-57f4-4f7e-b441-8d6b6406331c,economic,concern,14.61,20
9c429e89-5c91-4b35-a6d1-ce50ce001533,foreign,husband,73.28,89
06ca2dd0-812e-47a1-a9cf-8be2b92530c8,Republican,if,10.63,1
64b24e1f-15c6-4670-96c9-08c86145d2dc,your,others,91.92,61
2a8d6770-8e01-4a02-bf67-130188e4b12a,prepare,catch,44.78,56
0bb2fdf9-0540-490a-b75c-4f7e08379e06,fund,trial,88.07,42
6dd24531-1fba-4d7e-9953-acd325a76e51,bank,wrong,38.54,11
1c5fcde1-6a9c-4c24-8623-8dbb2832b0f0,whom,again,43.84,88
963f9a02-b824-47ad-b3f9-7ee76a3b7403,dream,coach,20.67,88
aa6293cf-4405-4c4f-b82f-553ceeaa3eb2,peace,measure,44.01,19
327ed559-1a1c-4bb4-b47e-689bf482e8c2,around,group,38.2,13
1cb3186e-7cde-494b-b960-5a02e497ed0f,prove,morning,46.23,69
1f78ef58-968a-41c3-a294-8f751456249a,pattern,mention,53.04,9
7389b4e6-58fb-43fb-a100-265dcfd132bc,than,score,49.56,83
22213f5c-87a4-4c90-b562-82a1cefe6dd6,other,do,14.87,80
bd8914a2-91ef-44d8-8e50-7ee3f41235fc,bit,century,10.64,4
9e74f004-413d-452f-9b7c-f0e629bb4900,lay,generation,47.38,24
b0391d2e-5bf8-40b3-9c66-9d055da3d83c,there,sign,39.87,88
b10a539b-7eb6-4422-8a4c-16a9c0bba87d,discussion,economic,32.4,82
066f4bea-eb93-4070-b216-31a9c1a0ca67,can,ago,44.23,45
af8eb920-a697-4a6e-a0e6-a0776fcb73e9,ready,left,18.29,35
50573214-622d-446b-8dde-435cea7d9b59,nation,talk,99.5,40
c3c8da43-fd22-4b17-9a99-6df2b63bfed6,son,environment,22.9,80
c0b696db-3477-466c-8f57-9c9f39e85711,mother,history,25.05,81
78b46bdf-d716-46dd-976e-85edb3eaf114,agent,indeed,21.1,100
a5963fd0-79b3-46b2-8ade-efa7d7606345,upon,news,57.57,93
115c8059-3b4f-4998-bacf-0b971b817fbb,now,less,74.15,24
93bf3672-59d9-4b29-8916-6972fcf9de17,although,one,61.79,100
70840dbb-a21f-4fa1-92c6-28c218576d3f,simply,specific,30.17,94
da714d7c-2dfe-406c-ba19-a88ac2a81091,student,today,68.95,97
5a76c3c0-960c-4c2b-83b7-48c8ca8dbf59,off,student,68.37,33
0111a149-cfda-4826-ab9e-dab861ec3d3c,drop,important,62.72,4
5c326f03-c699-4af7-8a0b-a46bf3822a53,born,foreign,11.01,38
17cc7d60-7cea-4cab-8285-ee7eef80c041,store,low,91.61,73
1de1653d-5814-43a9-93f3-df55ee1dd620,analysis,listen,65.6,45
42cf8146-7505-4caf-a0d0-f4f2be84032a,win,onto,58.31,7
d5d8a280-7a71-46ed-aefe-09c8d049b0c0,exactly,sea,27.87,70
d9f1631a-b3d5-476d-a7af-38bb00b37d58,event,memory,16.92,30
6e9fed0c-7aaa-4722-b302-253834bbba9f,health,where,14.91,22
839e870b-ae2e-4039-9a68-0ffacfc3cbbb,watch,something,61.33,62
0b965e5c-54c3-460e-9c74-97ff6ac09cbe,image,husband,22.97,46
cff06420-073a-4e26-bfd2-68b61fbb3a40,number,sing,73.1,97
